"","X","grp.recording","female.id","great.call","recording","Delta.Time..s..1","BW.90...Hz..1","Freq.5...Hz..1","Freq.95...Hz..1","Delta.Time..s..2","BW.90...Hz..2","Freq.5...Hz..2","Freq.95...Hz..2","Delta.Time..s..3","BW.90...Hz..3","Freq.5...Hz..3","Freq.95...Hz..3","Delta.Time..s..4","BW.90...Hz..4","Freq.5...Hz..4","Freq.95...Hz..4","Delta.Time..s..5","BW.90...Hz..5","Freq.5...Hz..5","Freq.95...Hz..5","Delta.Time..s..6","BW.90...Hz..6","Freq.5...Hz..6","Freq.95...Hz..6","duty.cycle","note.dur.comb","rest.dur.comb","num.notes","intro.dur","trill.dur"
"1",1,"SAFA_02_036","SAFA_02","SAFA_02_036.02",2,0.923,279.9,646,925.9,0.854,172.3,624.5,796.7,0.737,236.9,646,882.9,0.592,323,646,969,0.435,344.5,646,990.5,0.366,344.5,667.5,1012.1,0.829594017094017,3.106,3.744,74,7.952,6.078
"2",75,"SAFA_02_036","SAFA_02","SAFA_02_036.03",3,0.691,258.4,646,904.4,0.88,279.9,602.9,882.9,0.772,279.9,646,925.9,0.592,301.5,646,947.5,0.441,323,667.5,990.5,0.348,323,667.5,990.5,0.808985667034179,2.935,3.628,75,8.046,6.026
"3",150,"SAFA_02_036","SAFA_02","SAFA_02_036.04",4,0.919,215.3,624.5,839.8,0.934,215.3,624.5,839.8,0.68,193.8,624.5,818.3,0.499,193.8,646,839.8,0.406,215.3,667.5,882.9,0.325,387.6,667.5,1055.1,0.851924697948862,3.032,3.559,64,7.397,5.335
"4",214,"SAFA_02_036","SAFA_02","SAFA_02_036.05",5,0.685,301.5,624.5,925.9,0.802,258.4,624.5,882.9,0.697,215.3,624.5,839.8,0.545,301.5,646,947.5,0.476,323,646,969,0.412,323,667.5,990.5,0.786228752520887,2.729,3.471,75,7.86,6.246
"5",289,"SAFA_02_036","SAFA_02","SAFA_02_036.06",6,0.691,279.9,624.5,904.4,0.691,301.5,624.5,925.9,0.609,279.9,646,925.9,0.482,301.5,646,947.5,0.388,323,667.5,990.5,0.32,279.9,667.5,947.5,0.759287688056494,2.473,3.257,70,7.693,5.184
"6",359,"SAFA_02_036","SAFA_02","SAFA_02_036.07",7,0.662,258.4,624.5,882.9,0.737,258.4,624.5,882.9,0.656,236.9,646,882.9,0.522,301.5,646,947.5,0.412,344.5,646,990.5,0.325,387.6,667.5,1055.1,0.773409363745498,2.577,3.332,64,7.256,5.126
"7",423,"SAFA_02_036","SAFA_02","SAFA_02_036.08",8,0.603,301.5,624.5,925.9,0.914,236.9,602.9,839.8,0.757,215.3,624.5,839.8,0.597,236.9,646,882.9,0.458,323,646,969,0.308,323,667.5,990.5,0.861644657863145,2.871,3.332,85,9.247,5.108
"8",508,"SAFA_02_036","SAFA_02","SAFA_02_036.09",9,0.65,215.3,667.5,882.9,0.696,258.4,624.5,882.9,0.69,215.3,646,861.3,0.523,236.9,646,882.9,0.412,323,667.5,990.5,0.331,366.1,667.5,1033.6,0.790058660080272,2.559,3.239,77,7.958,5.503
"9",585,"SAFA_02_036","SAFA_02","SAFA_02_036.10",10,0.662,323,624.5,947.5,0.784,279.9,624.5,904.4,0.669,193.8,624.5,818.3,0.516,366.1,646,1012.1,0.383,409.1,667.5,1076.7,0.374,344.5,689.1,1033.6,0.797998180163785,2.631,3.297,82,9.022,4.672
"10",667,"SAFA_02_036","SAFA_02","SAFA_02_036.11",11,0.603,215.3,646,861.3,0.65,150.7,624.5,775.2,0.656,172.3,646,818.3,0.557,150.7,646,796.7,0.447,215.3,646,861.3,0.4,258.4,667.5,925.9,0.761346094473603,2.466,3.239,65,6.887,6.037
"11",732,"SAFA_02_036","SAFA_02","SAFA_02_036.12",12,0.679,172.3,646,818.3,0.72,172.3,624.5,796.7,0.651,150.7,646,796.7,0.54,172.3,646,818.3,0.371,172.3,667.5,839.8,0.314,172.3,667.5,839.8,0.782713810818979,2.59,3.309,67,7.165,5.126
"12",799,"SAFA_02_036","SAFA_02","SAFA_02_036.13",13,0.656,193.8,624.5,818.3,0.714,258.4,624.5,882.9,0.638,258.4,646,904.4,0.47,193.8,667.5,861.3,0.36,236.9,667.5,904.4,0.313,215.3,689.1,904.4,0.763636363636364,2.478,3.245,67,7.814,4.661
"13",866,"SAFA_02_036","SAFA_02","SAFA_02_036.14",14,0.697,150.7,602.9,753.7,0.726,129.2,624.5,753.7,0.69,215.3,624.5,839.8,0.523,193.8,646,839.8,0.4,258.4,646,904.4,0.377,236.9,667.5,904.4,0.786865671641791,2.636,3.35,74,7.694,5.596
"14",940,"SAFA_02_036","SAFA_02","SAFA_02_036.16",16,0.72,215.3,602.9,818.3,0.808,193.8,624.5,818.3,0.853,172.3,646,818.3,0.56,150.7,646,796.7,0.452,172.3,667.5,839.8,0.319,150.7,667.5,818.3,0.884511278195489,2.941,3.325,65,7.621,5.207
"17",1148,"SAFA_04_039","SAFA_04","SAFA_04_039.01",1,0.993,107.7,559.9,667.5,0.714,129.2,581.4,710.6,0.313,301.5,624.5,925.9,0.197,366.1,667.5,1033.6,0.157,473.7,667.5,1141.3,0.134,538.3,667.5,1205.9,0.734349122225903,2.217,3.019,50,6.724,2.496
"18",1198,"SAFA_04_039","SAFA_04","SAFA_04_039.02",2,1.167,86.1,559.9,646,1.017,258.4,581.4,839.8,0.29,344.5,646,990.5,0.22,452.2,689.1,1141.3,0.174,473.7,710.6,1184.3,0.145,452.2,732.1,1184.3,0.869032258064516,2.694,3.1,58,7.084,3.019
"19",1256,"SAFA_04_039","SAFA_04","SAFA_04_039.03",3,1.225,107.7,559.9,667.5,0.673,215.3,602.9,818.3,0.359,279.9,646,925.9,0.221,473.7,689.1,1162.8,0.18,516.8,689.1,1205.9,0.157,559.9,732.1,1292,0.77196261682243,2.478,3.21,59,7.251,3.129
"20",1315,"SAFA_04_039","SAFA_04","SAFA_04_039.04",4,1.112,107.7,559.9,667.5,0.789,86.1,581.4,667.5,0.473,236.9,624.5,861.3,0.332,452.2,689.1,1141.3,0.186,516.8,710.6,1227.4,0.099,516.8,732.1,1248.9,0.792850864342221,2.706,3.413,56,7.013,3.291
"21",1371,"SAFA_04_039","SAFA_04","SAFA_04_039.05",5,1.115,86.1,559.9,646,0.837,129.2,581.4,710.6,0.441,366.1,624.5,990.5,0.337,473.7,689.1,1162.8,0.226,538.3,710.6,1248.9,0.174,495.3,775.2,1270.5,0.822041553748871,2.73,3.321,60,7.274,3.64
"22",1431,"SAFA_04_039","SAFA_04","SAFA_04_039.06",6,1.155,86.1,559.9,646,0.848,86.1,581.4,667.5,0.482,107.7,602.9,710.6,0.267,473.7,646,1119.7,0.168,581.4,646,1227.4,0.139,602.9,646,1248.9,0.788764689022643,2.752,3.489,58,7.182,3.454
"23",1489,"SAFA_04_039","SAFA_04","SAFA_04_039.07",7,1.111,107.7,559.9,667.5,0.697,172.3,602.9,775.2,0.319,323,646,969,0.244,430.7,667.5,1098.2,0.197,516.8,689.1,1205.9,0.168,581.4,710.6,1292,0.754374801145402,2.371,3.143,63,7.711,3.03
"24",1552,"SAFA_04_039","SAFA_04","SAFA_04_039.08",8,1.219,129.2,559.9,689.1,0.819,215.3,581.4,796.7,0.337,215.3,624.5,839.8,0.29,323,646,969,0.25,409.1,667.5,1076.7,0.139,452.2,667.5,1119.7,0.776741474788691,2.665,3.431,68,7.97,3.75
"25",1620,"SAFA_04_039","SAFA_04","SAFA_04_039.09",9,1.138,86.1,559.9,646,0.737,107.7,581.4,689.1,0.348,150.7,624.5,775.2,0.226,258.4,646,904.4,0.192,344.5,646,990.5,0.157,452.2,646,1098.2,0.766990291262136,2.449,3.193,49,6.136,3.111
"26",1669,"SAFA_04_039","SAFA_04","SAFA_04_039.10",10,1.057,86.1,559.9,646,0.685,129.2,581.4,710.6,0.308,409.1,624.5,1033.6,0.267,516.8,646,1162.8,0.209,559.9,667.5,1227.4,0.18,559.9,689.1,1248.9,0.764686468646865,2.317,3.03,43,5.01,3.286
"27",1712,"SAFA_04_039","SAFA_04","SAFA_04_039.11",11,1.045,86.1,559.9,646,0.697,236.9,581.4,818.3,0.29,279.9,646,925.9,0.226,409.1,667.5,1076.7,0.18,516.8,689.1,1205.9,0.151,538.3,689.1,1227.4,0.746446280991735,2.258,3.025,58,7.059,2.937
"28",1770,"SAFA_04_039","SAFA_04","SAFA_04_039.12",12,1.068,86.1,559.9,646,0.772,172.3,581.4,753.7,0.366,236.9,624.5,861.3,0.267,344.5,646,990.5,0.215,538.3,667.5,1205.9,0.18,559.9,667.5,1227.4,0.767535692116698,2.473,3.222,61,7.164,3.471
"29",1831,"SAFA_04_039","SAFA_04","SAFA_04_039.13",13,1.08,86.1,559.9,646,0.708,107.7,581.4,689.1,0.29,279.9,624.5,904.4,0.232,409.1,646,1055.1,0.221,473.7,646,1119.7,0.186,581.4,646,1227.4,0.762376237623762,2.31,3.03,50,5.777,3.355
"30",1881,"SAFA_05_039","SAFA_05","SAFA_05_039.01",1,1.144,150.7,602.9,753.7,1.103,150.7,602.9,753.7,0.795,193.8,624.5,818.3,0.702,215.3,646,861.3,0.58,215.3,667.5,882.9,0.331,236.9,667.5,904.4,0.783755495080594,3.744,4.777,57,6.706,6.444
"31",1938,"SAFA_05_039","SAFA_05","SAFA_05_039.02",2,1.526,107.7,602.9,710.6,1.277,86.1,602.9,689.1,0.828,172.3,624.5,796.7,0.656,215.3,646,861.3,0.54,172.3,667.5,839.8,0.377,301.5,689.1,990.5,0.897237337798242,4.287,4.778,59,6.952,6.415
"32",1997,"SAFA_05_039","SAFA_05","SAFA_05_039.03",3,1.173,86.1,602.9,689.1,0.958,86.1,624.5,710.6,0.789,215.3,646,861.3,0.644,301.5,646,947.5,0.528,323,646,969,0.451,473.7,667.5,1141.3,0.813141683778234,3.564,4.383,58,6.46,6.925
"33",2055,"SAFA_05_039","SAFA_05","SAFA_05_039.04",4,1.149,86.1,602.9,689.1,1.101,107.7,602.9,710.6,0.726,86.1,624.5,710.6,0.668,129.2,624.5,753.7,0.493,215.3,646,861.3,0.319,387.6,667.5,1055.1,0.763621123218776,3.644,4.772,57,6.821,6.333
"34",2112,"SAFA_05_039","SAFA_05","SAFA_05_039.05",5,1.091,86.1,624.5,710.6,1.022,107.7,602.9,710.6,0.853,86.1,624.5,710.6,0.755,107.7,624.5,732.1,0.621,107.7,646,753.7,0.401,172.3,646,818.3,0.777963621158269,3.721,4.783,69,8.096,6.954
"35",2181,"SAFA_05_039","SAFA_05","SAFA_05_039.06",6,1.132,107.7,602.9,710.6,1.271,129.2,602.9,732.1,1.197,172.3,624.5,796.7,0.691,193.8,624.5,818.3,0.505,193.8,646,839.8,0.383,236.9,667.5,904.4,0.868447682655333,4.291,4.941,67,7.049,7.506
"36",2248,"SAFA_05_039","SAFA_05","SAFA_05_039.07",7,1.532,86.1,602.9,689.1,1.016,86.1,624.5,710.6,0.731,107.7,624.5,732.1,0.685,172.3,646,818.3,0.557,193.8,646,839.8,0.366,323,624.5,947.5,0.821895086046029,3.964,4.823,76,9.116,6.96
"37",2324,"SAFA_05_039","SAFA_05","SAFA_05_039.08",8,1.368,86.1,602.9,689.1,1.103,107.7,602.9,710.6,0.72,107.7,624.5,732.1,0.679,129.2,646,775.2,0.546,172.3,646,818.3,0.354,258.4,667.5,925.9,0.797280593325093,3.87,4.854,67,8.111,6.809
"38",2391,"SAFA_05_039","SAFA_05","SAFA_05_039.09",9,1.449,86.1,602.9,689.1,1.197,86.1,602.9,689.1,0.76,107.7,624.5,732.1,0.65,279.9,646,925.9,0.534,236.9,646,882.9,0.36,323,667.5,990.5,0.832683227263396,4.056,4.871,64,7.414,6.856
"39",2455,"SAFA_05_039","SAFA_05","SAFA_05_039.10",10,1.01,107.7,602.9,710.6,0.708,150.7,624.5,775.2,0.656,129.2,646,775.2,0.482,258.4,667.5,925.9,0.331,387.6,667.5,1055.1,0.238,516.8,667.5,1184.3,0.753363228699552,2.856,3.791,64,5.497,6.525
"40",2519,"SAFA_05_039","SAFA_05","SAFA_05_039.11",11,1.207,107.7,602.9,710.6,0.906,107.7,624.5,732.1,0.946,172.3,624.5,796.7,0.778,215.3,624.5,839.8,0.639,236.9,646,882.9,0.435,236.9,667.5,904.4,0.805077633235418,3.837,4.766,61,7.068,7.622
"41",2580,"SAFA_05_039","SAFA_05","SAFA_05_039.12",12,1.068,107.7,602.9,710.6,1.045,86.1,624.5,710.6,0.813,107.7,624.5,732.1,0.679,172.3,646,818.3,0.546,279.9,646,925.9,0.342,387.6,667.5,1055.1,0.760067467847354,3.605,4.743,68,8.487,6.467
"42",2648,"SAFA_06_046","SAFA_06","SAFA_06_046.01",1,0.916,129.2,602.9,732.1,1.008,129.2,624.5,753.7,0.673,150.7,624.5,775.2,0.482,129.2,646,775.2,0.326,193.8,646,839.8,0.261,236.9,667.5,904.4,0.847508945774842,3.079,3.633,122,15.187,4.76
"43",2770,"SAFA_06_046","SAFA_06","SAFA_06_046.02",2,1.033,107.7,602.9,710.6,0.844,129.2,602.9,732.1,0.656,150.7,624.5,775.2,0.476,193.8,646,839.8,0.319,258.4,646,904.4,0.302,301.5,667.5,969,0.851443123938879,3.009,3.534,98,12.154,5.103
"44",2868,"SAFA_06_046","SAFA_06","SAFA_06_046.03",3,0.969,150.7,602.9,753.7,1.014,172.3,624.5,796.7,0.65,215.3,624.5,839.8,0.464,215.3,646,861.3,0.325,258.4,646,904.4,0.238,279.9,667.5,947.5,0.8868843069874,3.097,3.492,118,14.191,4.731
"45",2986,"SAFA_06_046","SAFA_06","SAFA_06_046.04",4,0.884,107.7,602.9,710.6,1.035,150.7,602.9,753.7,0.627,107.7,646,753.7,0.43,150.7,646,796.7,0.348,215.3,667.5,882.9,0.267,236.9,667.5,904.4,0.876067118045334,2.976,3.397,117,13.933,4.528
"46",3103,"SAFA_06_046","SAFA_06","SAFA_06_046.06",6,0.72,107.7,602.9,710.6,0.714,86.1,624.5,710.6,0.656,150.7,624.5,775.2,0.47,215.3,646,861.3,0.337,258.4,646,904.4,0.279,279.9,667.5,947.5,0.772247360482655,2.56,3.315,108,13.089,4.836
"47",3211,"SAFA_06_046","SAFA_06","SAFA_06_046.07",7,1.054,129.2,602.9,732.1,0.894,172.3,624.5,796.7,0.733,150.7,646,796.7,0.447,172.3,646,818.3,0.354,172.3,667.5,839.8,0.244,193.8,667.5,861.3,0.898076370944588,3.128,3.483,116,14.336,4.661
"48",3327,"SAFA_06_046","SAFA_06","SAFA_06_046.08",8,1.016,107.7,602.9,710.6,0.897,107.7,624.5,732.1,0.673,129.2,624.5,753.7,0.499,129.2,646,775.2,0.435,150.7,646,796.7,0.308,236.9,646,882.9,0.854333979507062,3.085,3.611,111,13.479,5.277
"49",3438,"SAFA_06_046","SAFA_06","SAFA_06_046.09",9,1.019,107.7,602.9,710.6,0.996,150.7,624.5,775.2,0.563,172.3,624.5,796.7,0.487,215.3,646,861.3,0.395,215.3,667.5,882.9,0.296,258.4,667.5,925.9,0.883030826851051,3.065,3.471,121,13.989,5.277
"50",3559,"SAFA_06_046","SAFA_06","SAFA_06_046.10",10,0.872,107.7,602.9,710.6,1.073,129.2,624.5,753.7,0.627,193.8,646,839.8,0.47,215.3,646,861.3,0.354,236.9,667.5,904.4,0.273,301.5,667.5,969,0.856177877849704,3.042,3.553,119,14.321,4.719
"51",3678,"SAFA_06_046","SAFA_06","SAFA_06_046.11",11,0.959,129.2,602.9,732.1,1.05,193.8,581.4,775.2,0.61,150.7,646,796.7,0.447,129.2,646,775.2,0.331,236.9,646,882.9,0.285,258.4,667.5,925.9,0.873006833712984,3.066,3.512,124,14.721,4.673
"52",3802,"SAFA_06_046","SAFA_06","SAFA_06_046.12",12,0.95,86.1,624.5,710.6,1.062,129.2,624.5,753.7,0.638,150.7,624.5,775.2,0.47,172.3,646,818.3,0.354,215.3,646,861.3,0.273,258.4,646,904.4,0.869807638695289,3.12,3.587,124,14.379,5.108
"53",3926,"SAFA_06_046","SAFA_06","SAFA_06_046.13",13,0.856,129.2,602.9,732.1,0.784,129.2,602.9,732.1,0.592,150.7,624.5,775.2,0.413,150.7,646,796.7,0.395,215.3,667.5,882.9,0.273,279.9,667.5,947.5,0.756146369353917,2.645,3.498,119,13.164,5.155
"54",4041,"SAFA_08_041","SAFA_08","SAFA_08_041.02",2,0.789,258.4,602.9,861.3,0.83,409.1,624.5,1033.6,0.731,452.2,646,1098.2,0.718,495.3,689.1,1184.3,0.546,495.3,689.1,1184.3,0.517,495.3,689.1,1184.3,0.797297297297297,3.068,3.848,80,8.539,8.191
"55",4121,"SAFA_08_041","SAFA_08","SAFA_08_041.03",3,0.778,301.5,602.9,904.4,0.848,344.5,624.5,969,0.685,409.1,646,1055.1,0.644,279.9,667.5,947.5,0.575,258.4,689.1,947.5,0.505,258.4,689.1,947.5,0.790318266916288,2.955,3.739,82,8.493,8.162
"56",4203,"SAFA_08_041","SAFA_08","SAFA_08_041.04",4,0.818,323,581.4,904.4,0.877,344.5,624.5,969,0.699,323,646,969,0.696,452.2,667.5,1119.7,0.667,452.2,689.1,1141.3,0.605,366.1,689.1,1055.1,0.81273014203051,3.09,3.802,77,8.278,7.703
"57",4280,"SAFA_08_041","SAFA_08","SAFA_08_041.05",5,0.72,107.7,581.4,689.1,0.813,323,602.9,925.9,0.668,344.5,646,990.5,0.644,366.1,646,1012.1,0.486,323,667.5,990.5,0.453,323,689.1,1012.1,0.751651254953765,2.845,3.785,67,6.977,8.249
"58",4347,"SAFA_08_041","SAFA_08","SAFA_08_041.06",6,0.83,172.3,581.4,753.7,0.824,279.9,624.5,904.4,0.702,301.5,646,947.5,0.913,473.7,667.5,1141.3,0.546,387.6,667.5,1055.1,0.511,430.7,667.5,1098.2,0.794990272373541,3.269,4.112,79,8.771,7.413
"59",4426,"SAFA_08_041","SAFA_08","SAFA_08_041.07",7,0.964,215.3,581.4,796.7,0.807,236.9,624.5,861.3,0.697,215.3,646,861.3,0.633,236.9,646,882.9,0.546,215.3,667.5,882.9,0.47,236.9,667.5,904.4,0.790063694267516,3.101,3.925,65,7.303,6.978
"60",4491,"SAFA_08_041","SAFA_08","SAFA_08_041.08",8,0.79,172.3,581.4,753.7,0.852,236.9,624.5,861.3,0.907,344.5,646,990.5,0.65,366.1,667.5,1033.6,0.63,430.7,667.5,1098.2,0.458,409.1,689.1,1098.2,0.824909747292419,3.199,3.878,88,9.687,7.285
"61",4579,"SAFA_08_041","SAFA_08","SAFA_08_041.10",10,0.917,150.7,581.4,732.1,0.819,279.9,602.9,882.9,0.685,258.4,646,904.4,0.668,258.4,646,904.4,0.575,366.1,667.5,1033.6,0.517,366.1,667.5,1033.6,0.781431823931192,3.089,3.953,68,7.79,6.96
"62",4647,"SAFA_08_041","SAFA_08","SAFA_08_041.11",11,0.836,129.2,559.9,689.1,0.83,107.7,624.5,732.1,0.737,258.4,624.5,882.9,0.644,409.1,646,1055.1,0.505,473.7,667.5,1141.3,0.395,452.2,689.1,1141.3,0.767506297229219,3.047,3.97,79,8.345,8.052
"63",4726,"SAFA_08_041","SAFA_08","SAFA_08_041.12",12,0.882,258.4,581.4,839.8,0.842,344.5,602.9,947.5,1.033,366.1,646,1012.1,0.656,387.6,667.5,1055.1,0.534,366.1,667.5,1033.6,0.634,387.6,689.1,1076.7,0.858400402414487,3.413,3.976,70,7.192,7.796
"64",4796,"SAFA_08_041","SAFA_08","SAFA_08_041.13",13,0.911,301.5,581.4,882.9,0.971,452.2,602.9,1055.1,0.836,430.7,646,1076.7,0.717,473.7,667.5,1141.3,0.575,430.7,689.1,1119.7,0.522,430.7,689.1,1119.7,0.867862556846892,3.435,3.958,58,6.012,6.879
"65",4854,"SAFA_08_041","SAFA_08","SAFA_08_041.14",14,0.868,409.1,602.9,1012.1,0.818,409.1,624.5,1033.6,0.668,409.1,646,1055.1,0.693,452.2,667.5,1119.7,0.481,323,667.5,990.5,0.383,344.5,689.1,1033.6,0.784904688304997,3.047,3.882,68,7.04,7.163
"66",4922,"SAFA_08_041","SAFA_08","SAFA_08_041.15",15,0.936,279.9,581.4,861.3,1.062,323,602.9,925.9,0.731,323,646,969,0.65,323,667.5,990.5,0.557,301.5,667.5,969,0.488,301.5,689.1,990.5,0.8515625,3.379,3.968,76,8.297,7.175
"67",4998,"SAFA_08_041","SAFA_08","SAFA_08_041.16",16,0.789,323,581.4,904.4,0.894,366.1,602.9,969,0.76,344.5,646,990.5,0.656,366.1,646,1012.1,0.569,344.5,667.5,1012.1,0.522,344.5,667.5,1012.1,0.79788877445932,3.099,3.884,78,8.521,6.92
"68",5076,"SAFA_08_041","SAFA_08","SAFA_08_041.17",17,0.737,150.7,581.4,732.1,0.819,301.5,602.9,904.4,0.766,323,624.5,947.5,0.714,387.6,646,1033.6,0.633,323,667.5,990.5,0.557,344.5,689.1,1033.6,0.764542936288089,3.036,3.971,81,9.056,7.384
"69",5157,"SAFA_08_041","SAFA_08","SAFA_08_041.18",18,0.97,172.3,581.4,753.7,0.737,323,602.9,925.9,0.714,323,646,969,0.68,323,646,969,0.586,344.5,667.5,1012.1,0.493,258.4,667.5,925.9,0.775443860965241,3.101,3.999,75,8.083,7.343
"70",5232,"SAFA_08_041","SAFA_08","SAFA_08_041.19",19,0.944,150.7,581.4,732.1,0.813,236.9,602.9,839.8,0.737,215.3,646,861.3,0.592,279.9,646,925.9,0.523,301.5,667.5,969,0.383,366.1,667.5,1033.6,0.793112310460036,3.086,3.891,68,7.269,6.531
"87",6687,"SAFB100_02_004","SAFB100_02","SAFB100_02_004.01",1,1.184,129.2,624.5,753.7,0.9,150.7,624.5,775.2,0.615,193.8,624.5,818.3,0.424,215.3,646,861.3,0.29,279.9,646,925.9,0.215,344.5,667.5,1012.1,0.777445855115758,3.123,4.017,104,11.179,4.905
"88",6791,"SAFB100_02_004","SAFB100_02","SAFB100_02_004.02",2,1.184,172.3,602.9,775.2,0.917,193.8,624.5,818.3,0.575,236.9,624.5,861.3,0.354,258.4,646,904.4,0.238,344.5,667.5,1012.1,0.192,516.8,667.5,1184.3,0.77217125382263,3.03,3.924,79,8.896,4.371
"89",6870,"SAFB100_02_004","SAFB100_02","SAFB100_02_004.03",3,0.784,150.7,624.5,775.2,0.517,279.9,624.5,904.4,0.354,301.5,646,947.5,0.255,301.5,667.5,969,0.168,323,689.1,1012.1,0.128,409.1,689.1,1098.2,0.727896341463415,1.91,2.624,97,9.229,3.971
"90",6967,"SAFB100_02_004","SAFB100_02","SAFB100_02_004.04",4,1.086,172.3,624.5,796.7,0.766,193.8,624.5,818.3,0.493,193.8,624.5,818.3,0.337,236.9,646,882.9,0.226,236.9,667.5,904.4,0.192,538.3,667.5,1205.9,0.737015663643858,2.682,3.639,90,9.897,4.098
"91",7057,"SAFB100_02_004","SAFB100_02","SAFB100_02_004.05",5,0.969,150.7,624.5,775.2,0.737,150.7,624.5,775.2,0.499,150.7,646,796.7,0.308,236.9,646,882.9,0.209,215.3,667.5,882.9,0.163,495.3,667.5,1162.8,0.746361746361746,2.513,3.367,118,12.492,3.727
"92",7175,"SAFB100_02_004","SAFB100_02","SAFB100_02_004.06",6,1.218,107.7,624.5,732.1,0.819,150.7,624.5,775.2,0.575,150.7,624.5,775.2,0.401,193.8,646,839.8,0.244,215.3,646,861.3,0.174,258.4,667.5,925.9,0.768034667346419,3.013,3.923,86,9.42,4.191
"93",7261,"SAFB100_02_004","SAFB100_02","SAFB100_02_004.07",7,1.126,172.3,602.9,775.2,0.824,172.3,602.9,775.2,0.511,215.3,624.5,839.8,0.313,258.4,646,904.4,0.209,323,667.5,990.5,0.18,559.9,667.5,1227.4,0.767146017699115,2.774,3.616,90,9.408,4.069
"94",7349,"SAFB100_03_018","SAFB100_03","SAFB100_03_018.01",1,1,107.7,646,753.7,0.639,215.3,624.5,839.8,0.505,236.9,624.5,861.3,0.337,215.3,646,861.3,0.29,301.5,646,947.5,0.186,344.5,646,990.5,0.758020164986251,2.481,3.273,75,8.735,3.518
"95",7424,"SAFB100_03_018","SAFB100_03","SAFB100_03_018.02",2,0.921,215.3,624.5,839.8,0.631,301.5,624.5,925.9,0.453,323,646,969,0.261,344.5,667.5,1012.1,0.238,366.1,667.5,1033.6,0.186,430.7,667.5,1098.2,0.791201117318436,2.266,2.864,78,8.762,3.123
"96",7502,"SAFB100_03_018","SAFB100_03","SAFB100_03_018.03",3,0.842,172.3,624.5,796.7,0.586,215.3,624.5,839.8,0.453,236.9,646,882.9,0.331,279.9,646,925.9,0.244,279.9,667.5,947.5,0.192,366.1,667.5,1033.6,0.760398762461327,2.212,2.909,64,7.257,3.17
"97",7566,"SAFB100_03_018","SAFB100_03","SAFB100_03_018.04",4,0.824,107.7,624.5,732.1,0.598,129.2,624.5,753.7,0.47,236.9,646,882.9,0.319,215.3,667.5,882.9,0.226,344.5,667.5,1012.1,0.163,473.7,667.5,1141.3,0.736754415194935,2.211,3.001,78,8.858,3.309
"98",7644,"SAFB100_03_018","SAFB100_03","SAFB100_03_018.05",5,0.879,172.3,624.5,796.7,0.54,215.3,646,861.3,0.284,301.5,667.5,969,0.215,301.5,689.1,990.5,0.145,301.5,689.1,990.5,0.11,495.3,710.6,1205.9,0.699234414874225,1.918,2.743,78,8.371,3.605
"99",7722,"SAFB100_03_018","SAFB100_03","SAFB100_03_018.06",6,0.836,86.1,646,732.1,0.615,236.9,624.5,861.3,0.435,236.9,646,882.9,0.284,279.9,667.5,947.5,0.232,301.5,667.5,969,0.168,366.1,667.5,1033.6,0.725752508361204,2.17,2.99,69,7.939,3.332
"100",7791,"SAFB100_04_019","SAFB100_04","SAFB100_04_019.01",1,1.04,107.7,624.5,732.1,1.173,107.7,624.5,732.1,0.83,193.8,646,839.8,0.749,215.3,646,861.3,0.841,215.3,667.5,882.9,0.442,258.4,667.5,925.9,0.840053167922021,3.792,4.514,111,13.079,7.715
"101",7902,"SAFB100_04_019","SAFB100_04","SAFB100_04_019.02",2,0.769,193.8,646,839.8,1.001,150.7,646,796.7,0.836,172.3,646,818.3,0.679,150.7,667.5,818.3,0.377,279.9,667.5,947.5,0.29,258.4,689.1,947.5,0.835240274599542,3.285,3.933,97,11.851,5.23
"102",7999,"SAFB100_04_019","SAFB100_04","SAFB100_04_019.04",4,0.777,150.7,646,796.7,0.819,150.7,646,796.7,0.784,150.7,646,796.7,0.569,150.7,667.5,818.3,0.372,193.8,667.5,861.3,0.261,193.8,689.1,882.9,0.787029623698959,2.949,3.747,121,14.788,5.149
"103",8120,"SAFB100_04_019","SAFB100_04","SAFB100_04_019.05",5,0.621,150.7,646,796.7,0.966,150.7,646,796.7,0.988,172.3,646,818.3,0.557,172.3,667.5,839.8,0.476,193.8,667.5,861.3,0.313,215.3,689.1,904.4,0.837657127574218,3.132,3.739,115,13.983,5.764
"104",8235,"SAFB100_04_019","SAFB100_04","SAFB100_04_019.07",7,0.728,150.7,646,796.7,0.91,129.2,646,775.2,0.882,215.3,646,861.3,0.569,172.3,667.5,839.8,0.406,344.5,667.5,1012.1,0.337,366.1,689.1,1055.1,0.83104654291095,3.089,3.717,117,14.398,5.654
"105",8352,"SAFB100_04_019","SAFB100_04","SAFB100_04_019.08",8,0.726,150.7,624.5,775.2,1.108,172.3,646,818.3,0.813,150.7,646,796.7,0.668,129.2,646,775.2,0.401,258.4,689.1,947.5,0.319,366.1,689.1,1055.1,0.822784810126582,3.315,4.029,111,13.59,7.668
"106",8463,"SAFB100_04_019","SAFB100_04","SAFB100_04_019.09",9,0.932,150.7,646,796.7,0.977,193.8,646,839.8,1.068,236.9,646,882.9,0.795,193.8,667.5,861.3,0.372,236.9,667.5,904.4,0.36,323,689.1,1012.1,0.932509270704574,3.772,4.045,118,15.575,5.648
"107",8581,"SAFB100_04_019","SAFB100_04","SAFB100_04_019.10",10,0.679,193.8,624.5,818.3,0.894,150.7,624.5,775.2,0.877,193.8,646,839.8,0.697,150.7,667.5,818.3,0.488,236.9,667.5,904.4,0.377,279.9,689.1,969,0.777805239742956,3.147,4.046,119,16.515,5.404
"108",8700,"SAFB100_04_019","SAFB100_04","SAFB100_04_019.11",11,0.694,129.2,624.5,753.7,0.915,150.7,624.5,775.2,0.96,150.7,646,796.7,0.694,279.9,667.5,947.5,0.532,236.9,689.1,925.9,0.458,323,689.1,1012.1,0.883802816901408,3.263,3.692,108,12.956,5.944
"109",8808,"SAFB100_04_019","SAFB100_04","SAFB100_04_019.12",12,0.758,107.7,646,753.7,0.953,172.3,624.5,796.7,0.953,193.8,646,839.8,0.817,215.3,646,861.3,0.564,301.5,667.5,969,0.335,301.5,689.1,990.5,0.904155844155844,3.481,3.85,95,12.279,5.788
"110",8903,"SAFB100_04_019","SAFB100_04","SAFB100_04_019.13",13,0.694,129.2,646,775.2,0.912,129.2,646,775.2,0.714,129.2,646,775.2,0.586,172.3,667.5,839.8,0.296,150.7,667.5,818.3,0.215,172.3,667.5,839.8,0.797256515775034,2.906,3.645,106,13.819,4.499
"111",9009,"SAFB100_04_019","SAFB100_04","SAFB100_04_019.14",14,0.831,193.8,624.5,818.3,0.925,172.3,624.5,796.7,0.824,172.3,646,818.3,0.691,172.3,667.5,839.8,0.453,150.7,667.5,818.3,0.354,150.7,689.1,839.8,0.784600623650755,3.271,4.169,124,15.646,6.774
"150",11261,"SAFBA_01_156","SAFBA_01","SAFBA_01_156.01",1,0.929,366.1,602.9,969,0.644,452.2,624.5,1076.7,0.551,430.7,646,1076.7,0.47,409.1,646,1055.1,0.395,430.7,646,1076.7,0.29,409.1,667.5,1076.7,0.749494365790234,2.594,3.461,62,7.995,4.934
"151",11323,"SAFBA_01_156","SAFBA_01","SAFBA_01_156.02",2,0.768,344.5,602.9,947.5,0.872,366.1,602.9,969,0.563,387.6,646,1033.6,0.377,344.5,646,990.5,0.395,516.8,667.5,1184.3,0.354,538.3,667.5,1205.9,0.804490177736202,2.58,3.207,52,6.516,5.828
"152",11375,"SAFBA_01_156","SAFBA_01","SAFBA_01_156.03",3,0.845,409.1,602.9,1012.1,0.695,452.2,624.5,1076.7,0.453,452.2,646,1098.2,0.395,473.7,646,1119.7,0.383,430.7,667.5,1098.2,0.308,559.9,667.5,1227.4,0.713048671245148,2.388,3.349,49,6.762,4.928
"153",11424,"SAFBA_01_156","SAFBA_01","SAFBA_01_156.04",4,0.743,301.5,602.9,904.4,0.58,387.6,646,1033.6,0.499,409.1,646,1055.1,0.459,452.2,646,1098.2,0.395,430.7,667.5,1098.2,0.319,452.2,667.5,1119.7,0.715720112958895,2.281,3.187,49,6.513,4.795
"154",11473,"SAFBA_01_156","SAFBA_01","SAFBA_01_156.05",5,0.795,301.5,602.9,904.4,0.604,323,624.5,947.5,0.563,344.5,646,990.5,0.47,452.2,646,1098.2,0.418,409.1,667.5,1076.7,0.337,430.7,667.5,1098.2,0.728579988016776,2.432,3.338,59,7.291,5.515
"155",11532,"SAFBA_01_156","SAFBA_01","SAFBA_01_156.06",6,0.801,430.7,602.9,1033.6,0.615,409.1,624.5,1033.6,0.546,409.1,646,1055.1,0.499,430.7,646,1076.7,0.395,409.1,667.5,1076.7,0.325,430.7,667.5,1098.2,0.733532041728763,2.461,3.355,65,8.282,4.963
"156",11597,"SAFBA_01_156","SAFBA_01","SAFBA_01_156.07",7,0.691,344.5,581.4,925.9,0.673,344.5,624.5,969,0.563,323,646,969,0.499,344.5,646,990.5,0.424,344.5,646,990.5,0.383,495.3,646,1141.3,0.761217445873863,2.426,3.187,51,6.496,5.393
"157",11648,"SAFBA_01_156","SAFBA_01","SAFBA_01_156.08",8,0.801,323,602.9,925.9,0.639,387.6,624.5,1012.1,0.557,387.6,646,1033.6,0.482,495.3,646,1141.3,0.412,452.2,667.5,1119.7,0.348,452.2,667.5,1119.7,0.738676996424315,2.479,3.356,61,8.377,5.01
"158",11709,"SAFBA_01_156","SAFBA_01","SAFBA_01_156.09",9,0.873,258.4,602.9,861.3,0.744,344.5,624.5,969,0.528,387.6,646,1033.6,0.441,366.1,646,1012.1,0.389,409.1,667.5,1076.7,0.267,387.6,667.5,1055.1,0.770789865871833,2.586,3.355,56,7.83,4.412
"159",11765,"SAFBB_01_028","SAFBB_01","SAFBB_01_028.01",1,0.797,430.7,602.9,1033.6,0.54,366.1,624.5,990.5,0.453,387.6,646,1033.6,0.377,430.7,667.5,1098.2,0.325,559.9,646,1205.9,0.273,602.9,667.5,1270.5,0.699935400516796,2.167,3.096,54,4.759,6.571
"160",11819,"SAFBB_01_028","SAFBB_01","SAFBB_01_028.02",2,0.809,409.1,581.4,990.5,0.534,366.1,624.5,990.5,0.394,344.5,646,990.5,0.337,344.5,646,990.5,0.29,344.5,667.5,1012.1,0.221,387.6,667.5,1055.1,0.6833607907743,2.074,3.035,63,8.167,3.988
"161",11882,"SAFBB_01_028","SAFBB_01","SAFBB_01_028.03",3,0.871,430.7,624.5,1055.1,0.575,387.6,646,1033.6,0.476,430.7,646,1076.7,0.435,430.7,667.5,1098.2,0.377,495.3,667.5,1162.8,0.302,516.8,689.1,1205.9,0.722341403616304,2.357,3.263,49,6.262,4.818
"162",11931,"SAFBB_01_028","SAFBB_01","SAFBB_01_028.04",4,0.733,452.2,602.9,1055.1,0.621,452.2,624.5,1076.7,0.459,430.7,646,1076.7,0.401,538.3,646,1184.3,0.354,538.3,667.5,1205.9,0.284,602.9,667.5,1270.5,0.712584486643064,2.214,3.107,56,6.852,4.603
"163",11987,"SAFBB_01_028","SAFBB_01","SAFBB_01_028.05",5,0.798,387.6,602.9,990.5,0.668,473.7,624.5,1098.2,0.488,473.7,646,1119.7,0.43,559.9,646,1205.9,0.377,581.4,667.5,1248.9,0.313,602.9,667.5,1270.5,0.7468671679198,2.384,3.192,60,7.407,4.76
"164",12047,"SAFBB_01_028","SAFBB_01","SAFBB_01_028.06",6,0.679,409.1,602.9,1012.1,0.569,366.1,624.5,990.5,0.482,323,646,969,0.43,323,646,969,0.372,366.1,667.5,1033.6,0.29,452.2,667.5,1119.7,0.723860589812332,2.16,2.984,52,6.431,4.551
"165",12099,"SAFBB_01_028","SAFBB_01","SAFBB_01_028.07",7,0.757,387.6,602.9,990.5,0.621,366.1,624.5,990.5,0.476,344.5,646,990.5,0.441,452.2,646,1098.2,0.389,516.8,667.5,1184.3,0.296,538.3,667.5,1205.9,0.729961832061069,2.295,3.144,53,6.763,4.661
"166",12152,"SAFBB_01_028","SAFBB_01","SAFBB_01_028.08",8,0.662,366.1,581.4,947.5,0.546,344.5,624.5,969,0.453,344.5,646,990.5,0.389,366.1,646,1012.1,0.308,409.1,667.5,1076.7,0.267,495.3,667.5,1162.8,0.693739424703892,2.05,2.955,50,6.347,4.499
"191",13679,"SAFBN_01_004","SAFBN_01","SAFBN_01_004.01",1,0.964,172.3,624.5,796.7,0.801,172.3,646,818.3,0.644,193.8,667.5,861.3,0.435,236.9,667.5,904.4,0.279,301.5,689.1,990.5,0.209,323,710.6,1033.6,0.777686628383921,2.844,3.657,75,8.62,4.499
"192",13754,"SAFBN_01_004","SAFBN_01","SAFBN_01_004.02",2,0.917,172.3,646,818.3,0.807,215.3,646,861.3,0.54,258.4,667.5,925.9,0.354,366.1,689.1,1055.1,0.244,430.7,710.6,1141.3,0.186,495.3,732.1,1227.4,0.745444191343964,2.618,3.512,68,8.115,3.907
"193",13822,"SAFBN_01_004","SAFBN_01","SAFBN_01_004.03",3,0.83,172.3,646,818.3,0.772,215.3,646,861.3,0.511,215.3,689.1,904.4,0.319,323,710.6,1033.6,0.226,430.7,710.6,1141.3,0.168,495.3,732.1,1227.4,0.729891956782713,2.432,3.332,68,7.849,3.744
"194",13890,"SAFBN_01_004","SAFBN_01","SAFBN_01_004.04",4,0.813,258.4,646,904.4,0.842,279.9,646,925.9,0.592,344.5,667.5,1012.1,0.348,430.7,689.1,1119.7,0.25,409.1,732.1,1141.3,0.197,430.7,732.1,1162.8,0.752610208816705,2.595,3.448,73,8.658,3.884
"195",13963,"SAFBN_01_004","SAFBN_01","SAFBN_01_004.05",5,0.859,215.3,646,861.3,0.795,301.5,646,947.5,0.528,430.7,667.5,1098.2,0.337,430.7,710.6,1141.3,0.238,430.7,732.1,1162.8,0.18,452.2,753.7,1205.9,0.741755005889282,2.519,3.396,77,8.83,3.855
"196",14040,"SAFBN_01_004","SAFBN_01","SAFBN_01_004.06",6,0.878,323,646,969,1.039,323,646,969,0.551,366.1,667.5,1033.6,0.348,387.6,710.6,1098.2,0.267,387.6,732.1,1119.7,0.186,387.6,732.1,1119.7,0.83437037037037,2.816,3.375,71,8.489,3.611
"197",14111,"SAFBN_01_004","SAFBN_01","SAFBN_01_004.07",7,0.76,301.5,667.5,969,0.743,236.9,667.5,904.4,0.563,366.1,667.5,1033.6,0.348,409.1,689.1,1098.2,0.255,452.2,710.6,1162.8,0.203,452.2,732.1,1184.3,0.730629539951574,2.414,3.304,66,7.679,4.098
"198",14177,"SAFBN_01_004","SAFBN_01","SAFBN_01_004.08",8,0.896,215.3,646,861.3,1.001,236.9,646,882.9,0.792,366.1,667.5,1033.6,0.508,430.7,689.1,1119.7,0.289,495.3,710.6,1205.9,0.151,452.2,775.2,1227.4,0.895267432091851,3.197,3.571,70,8.598,3.78
"199",14247,"SAFBN_01_004","SAFBN_01","SAFBN_01_004.09",9,0.84,258.4,667.5,925.9,0.9,236.9,667.5,904.4,0.781,279.9,667.5,947.5,0.36,301.5,710.6,1012.1,0.261,344.5,732.1,1076.7,0.175,344.5,753.7,1098.2,0.834830483917705,2.881,3.451,79,9.329,3.744
"200",14326,"SAFBN_01_004","SAFBN_01","SAFBN_01_004.10",10,0.824,258.4,646,904.4,0.871,215.3,667.5,882.9,0.644,323,667.5,990.5,0.383,409.1,710.6,1119.7,0.261,452.2,732.1,1184.3,0.197,473.7,732.1,1205.9,0.761185682326622,2.722,3.576,76,9.073,3.942
"201",14402,"SAFBN_01_004","SAFBN_01","SAFBN_01_004.11",11,0.916,323,646,969,1.047,193.8,646,839.8,0.708,323,667.5,990.5,0.441,430.7,689.1,1119.7,0.139,430.7,753.7,1184.3,0.145,430.7,775.2,1205.9,0.823716251985177,3.112,3.778,82,10.373,3.5
"202",14484,"SAFBN_01_004","SAFBN_01","SAFBN_01_004.12",12,0.784,193.8,646,839.8,0.871,150.7,646,796.7,0.673,193.8,667.5,861.3,0.447,236.9,689.1,925.9,0.267,409.1,689.1,1098.2,0.197,387.6,710.6,1098.2,0.752848616386327,2.775,3.686,73,8.782,4.087
"203",14557,"SAFBN_01_004","SAFBN_01","SAFBN_01_004.13",13,0.848,215.3,646,861.3,0.906,236.9,646,882.9,0.673,366.1,667.5,1033.6,0.389,387.6,710.6,1098.2,0.255,409.1,732.1,1141.3,0.192,409.1,753.7,1162.8,0.774903687396808,2.816,3.634,80,9.311,4.081
"204",14637,"SAFBN_01_004","SAFBN_01","SAFBN_01_004.15",15,0.86,193.8,646,839.8,1.016,215.3,646,861.3,0.834,279.9,667.5,947.5,0.418,366.1,689.1,1055.1,0.238,366.1,732.1,1098.2,0.175,387.6,753.7,1141.3,0.853711790393013,3.128,3.664,78,9.411,4.069
"205",14715,"SAFBN_01_004","SAFBN_01","SAFBN_01_004.16",16,1.022,193.8,646,839.8,1.037,193.8,646,839.8,0.604,215.3,667.5,882.9,0.372,301.5,689.1,990.5,0.261,409.1,710.6,1119.7,0.192,430.7,732.1,1162.8,0.831962719298246,3.035,3.648,76,9.177,3.901
"206",14791,"SAFBN_01_004","SAFBN_01","SAFBN_01_004.18",18,0.836,150.7,646,796.7,0.882,172.3,646,818.3,0.656,172.3,646,818.3,0.435,258.4,667.5,925.9,0.244,301.5,710.6,1012.1,0.174,366.1,710.6,1076.7,0.751471375066881,2.809,3.738,79,9.409,4.139
"207",14870,"SAFBN_01_004","SAFBN_01","SAFBN_01_004.20",20,1.059,172.3,667.5,839.8,0.882,172.3,667.5,839.8,0.68,236.9,667.5,904.4,0.459,323,689.1,1012.1,0.284,366.1,710.6,1076.7,0.233,452.2,710.6,1162.8,0.803338549817423,3.08,3.834,86,9.941,4.632
"208",14956,"SAFBN_01_004","SAFBN_01","SAFBN_01_004.21",21,1.07,150.7,646,796.7,0.813,150.7,646,796.7,0.586,236.9,667.5,904.4,0.401,323,689.1,1012.1,0.244,387.6,710.6,1098.2,0.192,452.2,732.1,1184.3,0.769024651661308,2.87,3.732,78,9.251,4.081
"209",15034,"SAFBN_01_005","SAFBN_01","SAFBN_01_005.01",1,0.894,172.3,646,818.3,0.925,193.8,646,839.8,0.639,258.4,667.5,925.9,0.542,323,689.1,1012.1,0.274,366.1,732.1,1098.2,0.157,387.6,753.7,1141.3,0.826218672542,3,3.631,74,8.929,3.987
"210",15108,"SAFBN_01_005","SAFBN_01","SAFBN_01_005.03",3,1.049,150.7,646,796.7,0.821,172.3,646,818.3,0.447,172.3,667.5,839.8,0.401,215.3,689.1,904.4,0.226,236.9,710.6,947.5,0.18,344.5,710.6,1055.1,0.733801295896328,2.718,3.704,75,9.061,3.947
"211",15183,"SAFBN_01_005","SAFBN_01","SAFBN_01_005.06",6,0.778,129.2,646,775.2,0.784,172.3,646,818.3,0.534,236.9,667.5,904.4,0.342,323,689.1,1012.1,0.308,387.6,710.6,1098.2,0.209,409.1,710.6,1119.7,0.721728833629366,2.438,3.378,84,9.62,4.174
"212",15267,"SAFBN_01_005","SAFBN_01","SAFBN_01_005.07",7,0.923,107.7,646,753.7,0.813,129.2,646,775.2,0.575,172.3,667.5,839.8,0.372,366.1,689.1,1055.1,0.232,387.6,689.1,1076.7,0.197,430.7,710.6,1141.3,0.741980088495575,2.683,3.616,73,8.701,4.093
"213",15340,"SAFBN_01_005","SAFBN_01","SAFBN_01_005.08",8,1.017,150.7,646,796.7,0.985,150.7,646,796.7,0.937,236.9,667.5,904.4,0.435,323,667.5,990.5,0.226,344.5,689.1,1033.6,0.174,344.5,710.6,1055.1,0.885099685204617,3.374,3.812,76,9.327,4.104
"214",15416,"SAFBN_01_005","SAFBN_01","SAFBN_01_005.10",10,0.958,172.3,646,818.3,1.141,150.7,646,796.7,0.867,172.3,667.5,839.8,0.505,301.5,667.5,969,0.313,301.5,710.6,1012.1,0.215,409.1,710.6,1119.7,0.887043189368771,3.471,3.913,74,8.634,4.574
"215",15490,"SAFBN_01_005","SAFBN_01","SAFBN_01_005.11",11,0.894,172.3,646,818.3,0.94,129.2,646,775.2,0.702,215.3,667.5,882.9,0.435,301.5,667.5,969,0.267,387.6,710.6,1098.2,0.203,409.1,710.6,1119.7,0.781430825881115,2.971,3.802,76,8.698,4.754
"216",15566,"SAFBN_01_005","SAFBN_01","SAFBN_01_005.12",12,0.859,129.2,646,775.2,0.848,150.7,646,796.7,0.644,172.3,646,818.3,0.424,150.7,689.1,839.8,0.226,172.3,710.6,882.9,0.203,258.4,710.6,969,0.749190064794816,2.775,3.704,73,8.376,4.621
"217",15639,"SAFBN_01_005","SAFBN_01","SAFBN_01_005.13",13,0.888,193.8,646,839.8,0.865,193.8,646,839.8,0.656,236.9,667.5,904.4,0.43,258.4,689.1,947.5,0.261,279.9,710.6,990.5,0.232,387.6,732.1,1119.7,0.757066666666667,2.839,3.75,79,9.022,4.708
"218",15718,"SAFBN_01_005","SAFBN_01","SAFBN_01_005.14",14,0.83,172.3,646,818.3,0.813,172.3,646,818.3,0.702,215.3,667.5,882.9,0.453,279.9,689.1,969,0.255,344.5,710.6,1055.1,0.203,387.6,710.6,1098.2,0.744941427050053,2.798,3.756,78,9.049,4.586
"219",15796,"SAFBN_01_005","SAFBN_01","SAFBN_01_005.15",15,0.929,86.1,646,732.1,0.795,129.2,646,775.2,0.691,172.3,646,818.3,0.493,279.9,667.5,947.5,0.261,150.7,667.5,818.3,0.261,430.7,689.1,1119.7,0.765867790360811,2.908,3.797,77,8.806,5.068
"220",15873,"SAFBN_01_005","SAFBN_01","SAFBN_01_005.16",16,0.906,129.2,624.5,753.7,0.9,107.7,646,753.7,0.679,215.3,646,861.3,0.453,279.9,667.5,947.5,0.313,366.1,689.1,1055.1,0.238,366.1,710.6,1076.7,0.79448350459708,2.938,3.698,74,8.487,4.563
"221",15947,"SAFBN_01_005","SAFBN_01","SAFBN_01_005.17",17,0.836,150.7,624.5,775.2,0.848,129.2,646,775.2,0.621,236.9,646,882.9,0.441,301.5,667.5,969,0.273,344.5,689.1,1033.6,0.209,409.1,689.1,1098.2,0.736785618459887,2.746,3.727,74,8.578,4.592
"222",16021,"SAFBN_01_005","SAFBN_01","SAFBN_01_005.18",18,0.807,150.7,624.5,775.2,0.871,129.2,646,775.2,0.691,150.7,646,796.7,0.441,172.3,667.5,839.8,0.267,215.3,689.1,904.4,0.209,279.9,689.1,969,0.743582958454618,2.81,3.779,70,7.842,5.045
"223",16091,"SAFBN_01_005","SAFBN_01","SAFBN_01_005.19",19,0.842,129.2,624.5,753.7,0.819,129.2,646,775.2,0.656,193.8,646,839.8,0.377,258.4,667.5,925.9,0.267,258.4,689.1,947.5,0.215,301.5,689.1,990.5,0.747295423023578,2.694,3.605,75,8.555,4.505
"224",16166,"SAFBN_01_005","SAFBN_01","SAFBN_01_005.20",20,0.766,129.2,624.5,753.7,0.83,150.7,624.5,775.2,0.656,129.2,646,775.2,0.401,107.7,667.5,775.2,0.273,129.2,689.1,818.3,0.203,193.8,689.1,882.9,0.732266077836048,2.653,3.623,71,8.22,4.627
"225",16237,"SAFBN_01_005","SAFBN_01","SAFBN_01_005.21",21,0.859,150.7,624.5,775.2,0.853,107.7,646,753.7,0.772,150.7,646,796.7,0.441,236.9,667.5,904.4,0.29,301.5,689.1,990.5,0.215,323,689.1,1012.1,0.770345009217804,2.925,3.797,76,8.417,5.091
"226",16313,"SAFBN_01_005","SAFBN_01","SAFBN_01_005.22",22,0.965,129.2,646,775.2,0.813,150.7,646,796.7,0.76,150.7,667.5,818.3,0.418,172.3,667.5,839.8,0.296,301.5,689.1,990.5,0.244,387.6,689.1,1076.7,0.757948717948718,2.956,3.9,72,8.49,4.83
"227",16385,"SAFBN_01_005","SAFBN_01","SAFBN_01_005.23",23,0.772,129.2,624.5,753.7,0.961,107.7,646,753.7,0.743,129.2,646,775.2,0.47,150.7,667.5,818.3,0.284,301.5,689.1,990.5,0.244,387.6,689.1,1076.7,0.776080084299262,2.946,3.796,76,8.852,4.807
"228",16461,"SAFBN_01_005","SAFBN_01","SAFBN_01_005.24",24,0.877,129.2,624.5,753.7,0.877,107.7,646,753.7,0.662,172.3,646,818.3,0.412,172.3,667.5,839.8,0.337,215.3,689.1,904.4,0.226,236.9,710.6,947.5,0.743623455166973,2.828,3.803,75,8.747,4.766
"229",16536,"SAFBN_01_047","SAFBN_01","SAFBN_01_047.01",1,0.928,172.3,646,818.3,1.022,150.7,646,796.7,0.776,258.4,667.5,925.9,0.505,366.1,710.6,1076.7,0.238,344.5,753.7,1098.2,0.18,366.1,753.7,1119.7,0.875609756097561,3.231,3.69,49,6.314,3.953
"230",16585,"SAFBN_01_047","SAFBN_01","SAFBN_01_047.02",2,0.814,258.4,646,904.4,0.926,236.9,646,882.9,0.688,258.4,667.5,925.9,0.603,387.6,689.1,1076.7,0.261,409.1,710.6,1119.7,0.145,452.2,732.1,1184.3,0.843584748121347,3.031,3.593,64,8.186,3.773
"231",16649,"SAFBN_01_047","SAFBN_01","SAFBN_01_047.03",3,1.015,172.3,646,818.3,0.865,150.7,646,796.7,0.644,323,667.5,990.5,0.389,344.5,710.6,1055.1,0.267,409.1,732.1,1141.3,0.168,516.8,710.6,1227.4,0.773294398725777,2.913,3.767,75,9.422,3.953
"232",16724,"SAFBN_01_047","SAFBN_01","SAFBN_01_047.04",4,0.961,258.4,646,904.4,0.865,129.2,646,775.2,0.639,236.9,667.5,904.4,0.555,323,689.1,1012.1,0.255,344.5,732.1,1076.7,0.163,430.7,753.7,1184.3,0.839121978327313,3.02,3.599,54,6.994,3.895
"233",16778,"SAFBN_01_047","SAFBN_01","SAFBN_01_047.05",5,0.859,172.3,646,818.3,0.83,150.7,667.5,818.3,0.673,129.2,667.5,796.7,0.435,215.3,689.1,904.4,0.279,279.9,732.1,1012.1,0.18,301.5,732.1,1033.6,0.777160322311753,2.797,3.599,58,7.251,4.023
"248",17793,"SAFBN_03_008","SAFBN_03","SAFBN_03_008.01",1,0.975,107.7,624.5,732.1,0.929,129.2,646,775.2,0.749,150.7,646,796.7,0.445,150.7,667.5,818.3,0.277,236.9,689.1,925.9,0.134,301.5,689.1,990.5,0.808666144609762,3.098,3.831,54,5.346,4.263
"249",17847,"SAFBN_03_008","SAFBN_03","SAFBN_03_008.02",2,1.018,150.7,624.5,775.2,1.087,107.7,667.5,775.2,0.729,107.7,667.5,775.2,0.397,107.7,667.5,775.2,0.261,150.7,689.1,839.8,0.157,258.4,689.1,947.5,0.833161423414131,3.231,3.878,60,6.008,4.22
"250",17907,"SAFBN_03_008","SAFBN_03","SAFBN_03_008.03",3,1.046,129.2,624.5,753.7,0.911,129.2,646,775.2,0.61,129.2,646,775.2,0.36,129.2,667.5,796.7,0.244,172.3,689.1,861.3,0.163,279.9,689.1,969,0.726302729528536,2.927,4.03,59,6.236,4.418
"251",17966,"SAFBN_03_008","SAFBN_03","SAFBN_03_008.04",4,1.106,129.2,624.5,753.7,1.095,150.7,646,796.7,0.517,150.7,667.5,818.3,0.553,193.8,667.5,861.3,0.232,215.3,689.1,904.4,0.151,279.9,710.6,990.5,0.813884050758895,3.271,4.019,57,5.8,4.325
"252",18023,"SAFBN_03_008","SAFBN_03","SAFBN_03_008.05",5,1.057,129.2,624.5,753.7,0.824,129.2,646,775.2,0.61,129.2,646,775.2,0.366,129.2,667.5,796.7,0.244,172.3,689.1,861.3,0.163,279.9,689.1,969,0.715860686544726,2.857,3.991,54,5.654,4.331
"253",18077,"SAFBN_03_008","SAFBN_03","SAFBN_03_008.06",6,1.038,107.7,624.5,732.1,0.842,107.7,646,753.7,0.732,107.7,667.5,775.2,0.377,172.3,667.5,839.8,0.267,258.4,689.1,947.5,0.192,344.5,689.1,1033.6,0.761528662420382,2.989,3.925,55,5.493,4.348
"254",18132,"SAFBN_03_008","SAFBN_03","SAFBN_03_008.07",7,1.043,107.7,624.5,732.1,0.958,107.7,646,753.7,0.668,107.7,667.5,775.2,0.383,107.7,667.5,775.2,0.29,129.2,689.1,818.3,0.174,193.8,689.1,882.9,0.75844930417495,3.052,4.024,55,5.968,4.307
"255",18187,"SAFBN_03_008","SAFBN_03","SAFBN_03_008.08",8,0.935,107.7,624.5,732.1,1.043,107.7,646,753.7,0.82,129.2,667.5,796.7,0.488,172.3,667.5,839.8,0.29,215.3,689.1,904.4,0.186,323,689.1,1012.1,0.826458752515091,3.286,3.976,65,6.7,4.354
"256",18252,"SAFBN_03_008","SAFBN_03","SAFBN_03_008.09",9,1.096,107.7,624.5,732.1,0.979,107.7,646,753.7,0.793,86.1,667.5,753.7,0.403,86.1,689.1,775.2,0.226,107.7,689.1,796.7,0.174,172.3,689.1,861.3,0.823929471032746,3.271,3.97,52,5.621,4.36
"274",19556,"SAFBN_06_020","SAFBN_06","SAFBN_06_020.01",1,1.183,172.3,624.5,796.7,0.784,193.8,624.5,818.3,0.54,236.9,646,882.9,0.348,279.9,667.5,947.5,0.296,323,667.5,990.5,0.151,344.5,689.1,1033.6,0.822529530394699,2.855,3.471,73,8.005,3.727
"275",19629,"SAFBN_06_020","SAFBN_06","SAFBN_06_020.02",2,0.877,107.7,624.5,732.1,0.685,129.2,624.5,753.7,0.528,215.3,646,861.3,0.325,258.4,689.1,947.5,0.244,452.2,689.1,1141.3,0.192,495.3,710.6,1205.9,0.771812080536913,2.415,3.129,80,8.246,3.431
"276",19709,"SAFBN_06_020","SAFBN_06","SAFBN_06_020.03",3,1.102,193.8,624.5,818.3,0.714,215.3,624.5,839.8,0.54,258.4,646,904.4,0.348,323,667.5,990.5,0.255,366.1,689.1,1055.1,0.18,409.1,710.6,1119.7,0.775451677659879,2.704,3.487,89,9.545,3.727
"277",19798,"SAFBN_06_020","SAFBN_06","SAFBN_06_020.04",4,1.002,236.9,624.5,861.3,0.714,193.8,646,839.8,0.493,236.9,646,882.9,0.348,279.9,667.5,947.5,0.215,301.5,689.1,990.5,0.192,409.1,689.1,1098.2,0.783394607843137,2.557,3.264,73,7.754,3.466
"278",19871,"SAFBN_06_020","SAFBN_06","SAFBN_06_020.05",5,0.923,193.8,624.5,818.3,0.743,172.3,624.5,796.7,0.517,193.8,646,839.8,0.366,215.3,667.5,882.9,0.267,279.9,667.5,947.5,0.174,366.1,689.1,1055.1,0.781422440220723,2.549,3.262,62,7.024,3.558
"279",19933,"SAFBN_06_020","SAFBN_06","SAFBN_06_020.06",6,0.917,172.3,624.5,796.7,0.749,258.4,624.5,882.9,0.505,258.4,646,904.4,0.325,279.9,667.5,947.5,0.238,344.5,667.5,1012.1,0.157,366.1,689.1,1055.1,0.772038354469533,2.496,3.233,83,8.661,3.57
"280",20016,"SAFBN_06_020","SAFBN_06","SAFBN_06_020.07",7,1.104,258.4,646,904.4,0.726,301.5,646,947.5,0.505,387.6,646,1033.6,0.377,387.6,667.5,1055.1,0.215,473.7,710.6,1184.3,0.145,516.8,732.1,1248.9,0.76051598429613,2.712,3.566,72,7.689,3.791
"281",20088,"SAFBN_06_020","SAFBN_06","SAFBN_06_020.08",8,1.085,279.9,624.5,904.4,0.942,301.5,646,947.5,0.54,344.5,646,990.5,0.313,409.1,689.1,1098.2,0.203,409.1,710.6,1119.7,0.168,409.1,753.7,1162.8,0.823798627002288,2.88,3.496,76,8.168,3.756
"282",20164,"SAFBN_06_020","SAFBN_06","SAFBN_06_020.09",9,0.998,258.4,624.5,882.9,0.767,236.9,624.5,861.3,0.54,236.9,646,882.9,0.354,279.9,689.1,969,0.256,344.5,710.6,1055.1,0.151,387.6,710.6,1098.2,0.803808948004837,2.659,3.308,81,8.531,3.651
"283",20245,"SAFBN_06_020","SAFBN_06","SAFBN_06_020.10",10,0.981,150.7,624.5,775.2,0.749,172.3,624.5,796.7,0.557,150.7,624.5,775.2,0.383,301.5,646,947.5,0.244,344.5,667.5,1012.1,0.174,516.8,689.1,1205.9,0.758953951108584,2.67,3.518,83,8.777,3.831
"284",20328,"SAFBN_06_020","SAFBN_06","SAFBN_06_020.11",11,1.039,172.3,624.5,796.7,0.888,193.8,624.5,818.3,0.592,258.4,646,904.4,0.389,279.9,667.5,947.5,0.261,301.5,667.5,969,0.192,409.1,710.6,1119.7,0.80912632164719,2.908,3.594,85,9.043,3.936
"285",20413,"SAFBN_06_020","SAFBN_06","SAFBN_06_020.12",12,1.045,215.3,624.5,839.8,0.935,258.4,624.5,882.9,0.511,301.5,646,947.5,0.354,323,667.5,990.5,0.244,344.5,689.1,1033.6,0.18,387.6,689.1,1076.7,0.811466058185967,2.845,3.506,85,9.024,3.802
"286",20498,"SAFC_01_029","SAFC_01","SAFC_01_029.01",1,1.242,129.2,624.5,753.7,0.83,107.7,646,753.7,0.557,107.7,667.5,775.2,0.36,129.2,667.5,796.7,0.267,107.7,689.1,796.7,0.209,150.7,689.1,839.8,0.781233664401464,2.989,3.826,48,6.178,4.522
"287",20546,"SAFC_01_029","SAFC_01","SAFC_01_029.02",2,1.276,107.7,602.9,710.6,1.261,193.8,624.5,818.3,0.569,236.9,667.5,904.4,0.145,258.4,710.6,969,0.151,258.4,710.6,969,0.179,258.4,732.1,990.5,0.801528599605523,3.251,4.056,65,9.872,2.955
"288",20611,"SAFC_01_029","SAFC_01","SAFC_01_029.03",3,1.115,107.7,624.5,732.1,0.928,107.7,646,753.7,0.546,129.2,646,775.2,0.319,107.7,689.1,796.7,0.273,129.2,689.1,818.3,0.227,258.4,710.6,969,0.762454116413215,2.908,3.814,58,6.973,4.638
"289",20668,"SAFC_01_029","SAFC_01","SAFC_01_029.04",4,1.193,107.7,624.5,732.1,1.118,150.7,624.5,775.2,0.731,258.4,667.5,925.9,0.227,279.9,689.1,969,0.215,301.5,689.1,990.5,0.204,279.9,710.6,990.5,0.829695431472081,3.269,3.94,57,7.278,4.719
"290",20725,"SAFC_01_029","SAFC_01","SAFC_01_029.05",5,1.161,107.7,602.9,710.6,1.062,215.3,646,861.3,0.683,258.4,667.5,925.9,0.42,258.4,689.1,947.5,0.244,236.9,710.6,947.5,0.18,236.9,732.1,969,0.870680628272251,3.326,3.82,64,8.316,4.226
"291",20789,"SAFC_01_029","SAFC_01","SAFC_01_029.06",6,1.362,86.1,624.5,710.6,0.917,86.1,646,732.1,0.534,107.7,667.5,775.2,0.354,107.7,689.1,796.7,0.267,129.2,689.1,818.3,0.226,193.8,689.1,882.9,0.796328891123963,3.167,3.977,67,8.551,4.667
"292",20856,"SAFC_01_029","SAFC_01","SAFC_01_029.07",7,1.167,258.4,602.9,861.3,1.048,258.4,624.5,882.9,0.674,301.5,667.5,969,0.404,301.5,689.1,990.5,0.29,279.9,710.6,990.5,0.257,279.9,710.6,990.5,0.837700330704655,3.293,3.931,59,7.666,4.747
"293",20915,"SAFC_01_029","SAFC_01","SAFC_01_029.08",8,0.999,129.2,602.9,732.1,0.766,86.1,646,732.1,0.592,107.7,646,753.7,0.36,409.1,667.5,1076.7,0.226,86.1,689.1,775.2,0.226,150.7,689.1,839.8,0.709029227557411,2.717,3.832,73,8.796,5.008
"294",20988,"SAFCHIL_01_056","SAFCHIL_01","SAFCHIL_01_056.01",1,0.609,301.5,538.3,839.8,0.621,323,559.9,882.9,0.621,366.1,581.4,947.5,0.45,366.1,602.9,969,0.423,366.1,624.5,990.5,0.145,387.6,646,1033.6,0.837336244541485,2.301,2.748,70,8.154,3.096
"295",21058,"SAFCHIL_01_056","SAFCHIL_01","SAFCHIL_01_056.02",2,0.593,279.9,559.9,839.8,0.604,258.4,559.9,818.3,0.47,279.9,559.9,839.8,0.325,279.9,581.4,861.3,0.238,344.5,602.9,947.5,0.156,387.6,624.5,1012.1,0.723837209302326,1.992,2.752,48,5.569,3.28
"296",21106,"SAFCHIL_01_056","SAFCHIL_01","SAFCHIL_01_056.03",3,0.785,215.3,559.9,775.2,0.772,258.4,538.3,796.7,0.658,301.5,559.9,861.3,0.347,258.4,602.9,861.3,0.209,279.9,624.5,904.4,0.151,366.1,624.5,990.5,0.889892323723515,2.562,2.879,63,7.377,3.303
"297",21169,"SAFCHIL_01_056","SAFCHIL_01","SAFCHIL_01_056.04",4,0.626,258.4,559.9,818.3,0.736,279.9,559.9,839.8,0.418,323,581.4,904.4,0.308,366.1,602.9,969,0.186,387.6,646,1033.6,0.134,452.2,646,1098.2,0.782022471910112,2.088,2.67,55,6.846,2.461
"298",21224,"SAFCHIL_01_056","SAFCHIL_01","SAFCHIL_01_056.05",5,0.683,323,559.9,882.9,0.743,301.5,559.9,861.3,0.575,323,559.9,882.9,0.54,323,602.9,925.9,0.267,323,624.5,947.5,0.178,387.6,624.5,1012.1,0.879543094496366,2.541,2.889,58,6.838,3.129
"299",21282,"SAFCHIL_01_056","SAFCHIL_01","SAFCHIL_01_056.06",6,0.647,323,559.9,882.9,0.836,301.5,559.9,861.3,0.613,323,559.9,882.9,0.392,301.5,602.9,904.4,0.298,344.5,624.5,969,0.199,366.1,624.5,990.5,0.867806069061737,2.488,2.867,52,6.284,3.11
"300",21334,"SAFCHIL_01_056","SAFCHIL_01","SAFCHIL_01_056.07",7,0.599,236.9,559.9,796.7,0.598,323,559.9,882.9,0.47,344.5,581.4,925.9,0.308,323,602.9,925.9,0.203,409.1,624.5,1033.6,0.151,430.7,646,1076.7,0.732838589981447,1.975,2.695,56,6.33,3.164
"301",21390,"SAFCHIL_01_056","SAFCHIL_01","SAFCHIL_01_056.08",8,0.775,258.4,559.9,818.3,0.692,258.4,559.9,818.3,0.524,236.9,581.4,818.3,0.278,236.9,602.9,839.8,0.209,323,624.5,947.5,0.146,473.7,624.5,1098.2,0.835419734904271,2.269,2.716,51,5.94,2.995
"302",21441,"SAFCHIL_01_056","SAFCHIL_01","SAFCHIL_01_056.09",9,0.617,258.4,559.9,818.3,0.523,258.4,559.9,818.3,0.429,258.4,581.4,839.8,0.313,301.5,602.9,904.4,0.203,387.6,624.5,1012.1,0.145,366.1,646,1012.1,0.715317369821361,1.882,2.631,61,6.932,2.984
"303",21502,"SAFCHIL_01_056","SAFCHIL_01","SAFCHIL_01_056.10",10,0.732,279.9,559.9,839.8,0.569,258.4,559.9,818.3,0.441,258.4,581.4,839.8,0.302,258.4,602.9,861.3,0.215,279.9,624.5,904.4,0.134,301.5,646,947.5,0.732091690544413,2.044,2.792,59,6.814,3.152
"304",21561,"SAFCHIL_01_056","SAFCHIL_01","SAFCHIL_01_056.11",11,0.534,301.5,559.9,861.3,0.563,258.4,559.9,818.3,0.476,258.4,581.4,839.8,0.401,236.9,602.9,839.8,0.273,279.9,602.9,882.9,0.18,301.5,624.5,925.9,0.728144596090004,1.974,2.711,62,7.202,3.059
"305",21623,"SAFCRIP_01_060","SAFCRIP_01","SAFCRIP_01_060.01",1,1.181,193.8,581.4,775.2,1.042,172.3,624.5,796.7,0.867,193.8,646,839.8,0.464,236.9,667.5,904.4,0.439,279.9,689.1,969,0.245,366.1,689.1,1055.1,0.915979381443299,3.554,3.88,48,5.872,4.521
"306",21671,"SAFCRIP_01_060","SAFCRIP_01","SAFCRIP_01_060.02",2,1.213,258.4,538.3,796.7,1.085,193.8,624.5,818.3,0.621,172.3,646,818.3,0.389,193.8,667.5,861.3,0.273,279.9,689.1,969,0.215,301.5,689.1,990.5,0.853457172342621,3.308,3.876,63,7.594,4.632
"307",21734,"SAFCRIP_01_060","SAFCRIP_01","SAFCRIP_01_060.03",3,1.231,193.8,602.9,796.7,1.269,215.3,624.5,839.8,0.685,215.3,646,861.3,0.354,172.3,667.5,839.8,0.262,193.8,689.1,882.9,0.198,344.5,710.6,1055.1,0.899364675984752,3.539,3.935,49,6.309,4.243
"308",21783,"SAFCRIP_01_060","SAFCRIP_01","SAFCRIP_01_060.04",4,1.286,193.8,602.9,796.7,1.105,236.9,624.5,861.3,0.753,236.9,667.5,904.4,0.372,215.3,689.1,904.4,0.261,279.9,689.1,969,0.203,344.5,710.6,1055.1,0.906185567010309,3.516,3.88,56,6.521,4.563
"309",21839,"SAFCRIP_01_060","SAFCRIP_01","SAFCRIP_01_060.05",5,1.161,236.9,602.9,839.8,1.162,215.3,624.5,839.8,0.534,193.8,667.5,861.3,0.366,215.3,689.1,904.4,0.261,323,689.1,1012.1,0.192,366.1,710.6,1076.7,0.872732196046575,3.223,3.693,54,6.659,3.959
"310",21893,"SAFCRIP_01_061","SAFCRIP_01","SAFCRIP_01_061.01",1,1.363,129.2,602.9,732.1,1.28,172.3,624.5,796.7,0.702,215.3,646,861.3,0.578,215.3,667.5,882.9,0.524,236.9,667.5,904.4,0.215,215.3,689.1,904.4,0.94054183649005,3.923,4.171,47,6.038,5.05
"311",21940,"SAFCRIP_01_061","SAFCRIP_01","SAFCRIP_01_061.02",2,1.265,193.8,602.9,796.7,1.142,215.3,624.5,839.8,0.843,236.9,646,882.9,0.372,236.9,667.5,904.4,0.279,258.4,689.1,947.5,0.244,279.9,689.1,969,0.898982377761231,3.622,4.029,53,6.441,4.818
"312",21993,"SAFF_0A_034","SAFF_0A","SAFF_0A_034.01",1,1.103,172.3,624.5,796.7,0.909,150.7,646,796.7,0.605,129.2,667.5,796.7,0.36,150.7,667.5,818.3,0.29,215.3,689.1,904.4,0.226,258.4,689.1,947.5,0.823513139695712,2.977,3.615,65,7.712,4.435
"313",22058,"SAFF_0A_034","SAFF_0A","SAFF_0A_034.02",2,1.096,150.7,646,796.7,0.893,150.7,646,796.7,0.636,150.7,667.5,818.3,0.366,129.2,667.5,796.7,0.279,172.3,667.5,839.8,0.238,150.7,689.1,839.8,0.876355112803985,2.991,3.413,57,6.65,4.11
"314",22115,"SAFF_0A_034","SAFF_0A","SAFF_0A_034.03",3,1.082,172.3,624.5,796.7,0.875,150.7,646,796.7,0.401,150.7,646,796.7,0.331,150.7,667.5,818.3,0.255,150.7,667.5,818.3,0.238,172.3,689.1,861.3,0.776046176046176,2.689,3.465,63,7.314,4.209
"315",22178,"SAFF_0A_034","SAFF_0A","SAFF_0A_034.04",4,1.087,172.3,624.5,796.7,0.948,150.7,646,796.7,0.599,129.2,667.5,796.7,0.313,150.7,667.5,818.3,0.244,129.2,689.1,818.3,0.192,150.7,689.1,839.8,0.839362005126745,2.947,3.511,63,7.836,3.878
"316",22241,"SAFF_0A_034","SAFF_0A","SAFF_0A_034.05",5,1.079,193.8,624.5,818.3,0.816,193.8,624.5,818.3,0.553,193.8,646,839.8,0.5,172.3,667.5,839.8,0.284,193.8,667.5,861.3,0.197,258.4,689.1,947.5,0.875037102997922,2.948,3.369,61,7.111,3.646
"317",22300,"SAFF_0A_034","SAFF_0A","SAFF_0A_034.06",6,0.836,172.3,646,818.3,0.816,129.2,646,775.2,0.412,215.3,646,861.3,0.319,236.9,667.5,904.4,0.261,258.4,689.1,947.5,0.221,279.9,689.1,969,0.777487765089723,2.383,3.065,63,7.151,3.913
"318",22363,"SAFF_0A_034","SAFF_0A","SAFF_0A_034.07",7,1.168,193.8,624.5,818.3,0.758,193.8,646,839.8,0.493,193.8,667.5,861.3,0.395,215.3,667.5,882.9,0.348,215.3,689.1,904.4,0.29,193.8,689.1,882.9,0.808388394139615,2.814,3.481,55,5.861,4.632
"319",22418,"SAFF_0A_042","SAFF_0A","SAFF_0A_042.01",1,1.174,172.3,602.9,775.2,0.96,172.3,624.5,796.7,0.575,172.3,646,818.3,0.441,193.8,667.5,861.3,0.377,236.9,667.5,904.4,0.331,236.9,689.1,925.9,0.817969358608154,3.15,3.851,64,7.368,5.637
"320",22482,"SAFF_0A_042","SAFF_0A","SAFF_0A_042.02",2,1.066,172.3,624.5,796.7,1.022,193.8,624.5,818.3,0.54,193.8,646,839.8,0.424,215.3,667.5,882.9,0.331,236.9,667.5,904.4,0.267,236.9,689.1,925.9,0.858992400788066,3.052,3.553,59,7.102,4.725
"321",22541,"SAFF_0A_042","SAFF_0A","SAFF_0A_042.03",3,0.946,193.8,624.5,818.3,0.795,172.3,646,818.3,0.557,193.8,646,839.8,0.435,258.4,667.5,925.9,0.319,258.4,689.1,947.5,0.255,258.4,689.1,947.5,0.783543577981651,2.733,3.488,58,7.036,4.319
"322",22599,"SAFF_0A_042","SAFF_0A","SAFF_0A_042.04",4,1.032,172.3,624.5,796.7,0.801,172.3,624.5,796.7,0.528,193.8,646,839.8,0.389,215.3,646,861.3,0.377,215.3,667.5,882.9,0.255,215.3,689.1,904.4,0.784593437945792,2.75,3.505,56,6.762,4.243
"323",22655,"SAFF_0A_042","SAFF_0A","SAFF_0A_042.05",5,1.085,193.8,624.5,818.3,0.95,215.3,624.5,839.8,0.493,215.3,646,861.3,0.406,236.9,667.5,904.4,0.325,236.9,689.1,925.9,0.267,258.4,689.1,947.5,0.841410954975624,2.934,3.487,60,7.055,4.661
"324",22715,"SAFF_0A_042","SAFF_0A","SAFF_0A_042.06",6,1.206,172.3,624.5,796.7,0.721,193.8,646,839.8,0.505,236.9,646,882.9,0.372,236.9,667.5,904.4,0.337,258.4,667.5,925.9,0.267,279.9,689.1,969,0.818447168709866,2.804,3.426,61,7.442,4.18
"325",22776,"SAFF_0A_042","SAFF_0A","SAFF_0A_042.07",7,1.039,150.7,624.5,775.2,0.743,172.3,646,818.3,0.528,193.8,646,839.8,0.406,236.9,667.5,904.4,0.325,258.4,667.5,925.9,0.267,279.9,689.1,969,0.786334684423857,2.716,3.454,62,7.195,4.719
"326",22838,"SAFF_0A_042","SAFF_0A","SAFF_0A_042.08",8,1.083,193.8,624.5,818.3,0.838,215.3,624.5,839.8,0.54,236.9,646,882.9,0.412,258.4,667.5,925.9,0.331,258.4,689.1,947.5,0.273,279.9,689.1,969,0.828670320161523,2.873,3.467,54,6.302,4.609
"327",22892,"SAFF_0B_001","SAFF_0B","SAFF_0B_001.01",1,0.944,172.3,710.6,882.9,0.836,150.7,710.6,861.3,0.807,150.7,710.6,861.3,0.772,150.7,710.6,861.3,0.592,193.8,710.6,904.4,0.418,215.3,710.6,925.9,0.734207650273224,3.359,4.575,78,10.242,7.808
"328",22970,"SAFF_0B_001","SAFF_0B","SAFF_0B_001.02",2,0.732,344.5,689.1,1033.6,0.778,215.3,710.6,925.9,0.894,279.9,710.6,990.5,0.801,323,710.6,1033.6,0.713,409.1,732.1,1141.3,0.649,323,732.1,1055.1,0.687473187473188,3.205,4.662,74,11.291,6.716
"329",23044,"SAFF_0B_001","SAFF_0B","SAFF_0B_001.03",3,0.798,258.4,689.1,947.5,1.077,193.8,710.6,904.4,1.186,236.9,710.6,947.5,0.798,215.3,710.6,925.9,0.69,301.5,710.6,1012.1,0.349,323,710.6,1033.6,0.85641367066134,3.859,4.506,79,11.04,6.943
"330",23123,"SAFF_0B_001","SAFF_0B","SAFF_0B_001.04",4,0.936,258.4,689.1,947.5,1.003,172.3,710.6,882.9,1.115,129.2,710.6,839.8,0.65,150.7,689.1,839.8,0.563,172.3,689.1,861.3,0.43,172.3,710.6,882.9,0.800172823503997,3.704,4.629,81,11.134,7.715
"331",23204,"SAFF_0B_001","SAFF_0B","SAFF_0B_001.05",5,0.871,344.5,689.1,1033.6,0.963,301.5,710.6,1012.1,1.084,323,710.6,1033.6,0.935,409.1,710.6,1119.7,0.659,344.5,732.1,1076.7,0.476,344.5,732.1,1076.7,0.813040725891538,3.853,4.739,81,10.843,7.181
"332",23285,"SAFF_0B_001","SAFF_0B","SAFF_0B_001.06",6,0.79,150.7,689.1,839.8,1.004,129.2,710.6,839.8,1.01,129.2,710.6,839.8,0.777,129.2,710.6,839.8,0.54,172.3,710.6,882.9,0.359,193.8,710.6,904.4,0.781877729257642,3.581,4.58,72,9.317,7.622
"333",23357,"SAFF_0B_001","SAFF_0B","SAFF_0B_001.07",7,0.772,236.9,689.1,925.9,1.05,236.9,689.1,925.9,1.022,236.9,689.1,925.9,0.825,215.3,710.6,925.9,0.58,236.9,710.6,947.5,0.464,258.4,710.6,969,0.764215788377421,3.669,4.801,83,11.047,7.912
"334",23440,"SAFF_0B_001","SAFF_0B","SAFF_0B_001.08",8,0.743,258.4,689.1,947.5,0.987,236.9,710.6,947.5,1.033,236.9,710.6,947.5,0.807,258.4,710.6,969,0.604,452.2,710.6,1162.8,0.459,452.2,732.1,1184.3,0.755555555555555,3.57,4.725,90,11.181,8.382
"335",23530,"SAFF_0B_001","SAFF_0B","SAFF_0B_001.09",9,0.807,215.3,689.1,904.4,0.998,215.3,710.6,925.9,1.057,387.6,710.6,1098.2,0.984,409.1,710.6,1119.7,0.517,215.3,710.6,925.9,0.464,236.9,732.1,969,0.782343368592351,3.846,4.916,95,12.783,8.127
"336",23625,"SAFF_0B_001","SAFF_0B","SAFF_0B_001.10",10,0.772,172.3,689.1,861.3,0.928,172.3,689.1,861.3,0.981,129.2,689.1,818.3,0.882,129.2,710.6,839.8,0.714,150.7,710.6,861.3,0.54,150.7,710.6,861.3,0.776083641908081,3.563,4.591,94,12.377,8.528
"337",23719,"SAFF_0B_001","SAFF_0B","SAFF_0B_001.11",11,0.848,215.3,689.1,904.4,1.057,236.9,689.1,925.9,1.004,236.9,689.1,925.9,0.888,236.9,689.1,925.9,0.604,215.3,710.6,925.9,0.453,236.9,710.6,947.5,0.77049512987013,3.797,4.928,91,11.813,8.423
"338",23810,"SAFL_01_034","SAFL_01","SAFL_01_034.01",1,0.612,107.7,624.5,732.1,0.982,150.7,581.4,732.1,0.908,215.3,602.9,818.3,0.704,258.4,624.5,882.9,0.366,279.9,646,925.9,0.325,323,646,969,0.896281800391389,3.206,3.577,81,10.152,5.497
"339",23891,"SAFL_01_034","SAFL_01","SAFL_01_034.02",2,0.736,193.8,624.5,818.3,0.872,236.9,602.9,839.8,0.911,323,602.9,925.9,0.872,279.9,646,925.9,0.697,323,646,969,0.601,366.1,667.5,1033.6,0.875096774193548,3.391,3.875,78,10.157,6.486
"340",23969,"SAFL_01_034","SAFL_01","SAFL_01_034.03",3,0.58,172.3,624.5,796.7,0.851,236.9,602.9,839.8,0.909,258.4,624.5,882.9,0.793,301.5,624.5,925.9,0.461,301.5,646,947.5,0.395,387.6,667.5,1055.1,0.855777110079213,3.133,3.661,81,9.927,6.351
"341",24050,"SAFL_01_034","SAFL_01","SAFL_01_034.04",4,0.656,279.9,624.5,904.4,0.731,258.4,624.5,882.9,0.72,301.5,624.5,925.9,0.673,323,646,969,0.528,344.5,667.5,1012.1,0.435,387.6,667.5,1055.1,0.762479429511794,2.78,3.646,76,9.053,7.076
"342",24126,"SAFL_01_034","SAFL_01","SAFL_01_034.05",5,0.69,193.8,624.5,818.3,0.803,236.9,602.9,839.8,0.824,301.5,624.5,925.9,0.645,323,646,969,0.563,344.5,646,990.5,0.488,387.6,667.5,1055.1,0.789656091708878,2.962,3.751,74,9.16,7.099
"343",24200,"SAFL_01_034","SAFL_01","SAFL_01_034.06",6,0.418,215.3,624.5,839.8,0.749,279.9,602.9,882.9,0.743,279.9,602.9,882.9,0.633,301.5,624.5,925.9,0.527,301.5,646,947.5,0.377,258.4,689.1,947.5,0.724088838268793,2.543,3.512,72,9.515,5.956
"344",24272,"SAFL_01_034","SAFL_01","SAFL_01_034.07",7,0.711,258.4,602.9,861.3,0.812,236.9,602.9,839.8,0.931,258.4,624.5,882.9,0.621,236.9,646,882.9,0.447,215.3,667.5,882.9,0.424,215.3,667.5,882.9,0.832881906825569,3.075,3.692,68,8.263,6.327
"345",24340,"SAFL_01_034","SAFL_01","SAFL_01_034.09",9,0.739,215.3,602.9,818.3,0.953,215.3,602.9,818.3,1.089,258.4,602.9,861.3,0.575,258.4,624.5,882.9,0.586,366.1,646,1012.1,0.488,323,667.5,990.5,0.894456289978678,3.356,3.752,81,10.061,6.682
"346",24421,"SAFL_01_034","SAFL_01","SAFL_01_034.10",10,0.598,193.8,602.9,796.7,0.749,215.3,602.9,818.3,0.714,215.3,602.9,818.3,0.551,193.8,624.5,818.3,0.534,172.3,646,818.3,0.476,172.3,646,818.3,0.727982162764771,2.612,3.588,77,8.998,7.326
"347",24498,"SAFL_01_034","SAFL_01","SAFL_01_034.11",11,0.575,215.3,602.9,818.3,0.778,193.8,624.5,818.3,0.888,236.9,624.5,861.3,0.699,215.3,646,861.3,0.389,215.3,667.5,882.9,0.337,236.9,667.5,904.4,0.801745295882192,2.94,3.667,75,9.089,6.902
"348",24573,"SAFL_01_034","SAFL_01","SAFL_01_034.12",12,0.592,172.3,602.9,775.2,0.848,258.4,602.9,861.3,0.83,258.4,624.5,882.9,0.644,301.5,624.5,925.9,0.551,279.9,646,925.9,0.459,258.4,667.5,925.9,0.790558871405317,2.914,3.686,78,9.482,6.966
"349",24651,"SAFL_01_034","SAFL_01","SAFL_01_034.13",13,0.569,172.3,602.9,775.2,0.766,236.9,602.9,839.8,0.826,193.8,602.9,796.7,0.668,279.9,624.5,904.4,0.515,323,646,969,0.401,323,689.1,1012.1,0.786051681022506,2.829,3.599,72,8.707,7.268
"350",24723,"SAFL_01_034","SAFL_01","SAFL_01_034.14",14,0.557,172.3,624.5,796.7,0.836,193.8,602.9,796.7,1.111,258.4,602.9,861.3,0.72,301.5,624.5,925.9,0.604,301.5,646,947.5,0.47,323,646,969,0.851783355350066,3.224,3.785,80,9.079,7.622
"351",24803,"SAFL_01_034","SAFL_01","SAFL_01_034.15",15,0.845,172.3,602.9,775.2,0.975,236.9,602.9,839.8,0.708,258.4,624.5,882.9,0.58,279.9,624.5,904.4,0.493,215.3,646,861.3,0.406,279.9,646,925.9,0.795698924731183,3.108,3.906,82,10.567,7.703
"352",24885,"SAFL_02_030","SAFL_02","SAFL_02_030.01",1,0.743,172.3,559.9,732.1,0.818,129.2,581.4,710.6,0.784,129.2,602.9,732.1,0.534,129.2,602.9,732.1,0.465,150.7,602.9,753.7,0.336,215.3,602.9,818.3,0.759630606860158,2.879,3.79,78,10.232,7.703
"353",24963,"SAFL_02_030","SAFL_02","SAFL_02_030.02",2,0.914,150.7,559.9,710.6,0.708,129.2,581.4,710.6,0.748,107.7,602.9,710.6,0.592,150.7,581.4,732.1,0.401,150.7,602.9,753.7,0.313,215.3,602.9,818.3,0.757932446264074,2.962,3.908,85,12.66,6.438
"354",25048,"SAFL_02_030","SAFL_02","SAFL_02_030.03",3,0.858,236.9,559.9,796.7,0.911,193.8,581.4,775.2,0.965,172.3,602.9,775.2,0.516,215.3,602.9,818.3,0.366,193.8,602.9,796.7,0.272,215.3,602.9,818.3,0.877903835764452,3.25,3.702,65,9.098,6.496
"355",25113,"SAFL_02_030","SAFL_02","SAFL_02_030.04",4,0.737,193.8,559.9,753.7,0.65,129.2,581.4,710.6,0.622,107.7,602.9,710.6,0.5,107.7,602.9,710.6,0.342,107.7,602.9,710.6,0.354,172.3,602.9,775.2,0.72180667433832,2.509,3.476,78,11.575,6.467
"356",25191,"SAFL_02_030","SAFL_02","SAFL_02_030.05",5,0.627,129.2,559.9,689.1,0.859,107.7,581.4,689.1,0.749,107.7,581.4,689.1,0.621,129.2,581.4,710.6,0.424,107.7,602.9,710.6,0.29,150.7,602.9,753.7,0.774823657080846,2.856,3.686,68,9.443,6.803
"357",25259,"SAFL_02_030","SAFL_02","SAFL_02_030.06",6,0.621,150.7,559.9,710.6,0.813,129.2,581.4,710.6,0.778,107.7,602.9,710.6,0.68,129.2,602.9,732.1,0.426,172.3,602.9,775.2,0.601,215.3,602.9,818.3,0.799778761061947,2.892,3.616,62,7.906,6.577
"358",25321,"SAFL_02_030","SAFL_02","SAFL_02_030.07",7,0.621,150.7,559.9,710.6,0.801,107.7,581.4,689.1,0.766,107.7,581.4,689.1,0.586,107.7,602.9,710.6,0.447,150.7,602.9,753.7,0.336,279.9,602.9,882.9,0.7707696582384,2.774,3.599,77,11.173,6.188
"359",25398,"SAFL_02_030","SAFL_02","SAFL_02_030.08",8,0.706,129.2,559.9,689.1,0.795,129.2,581.4,710.6,0.703,129.2,581.4,710.6,0.551,107.7,602.9,710.6,0.36,150.7,602.9,753.7,0.366,150.7,602.9,753.7,0.769768091645711,2.755,3.579,78,12.055,5.753
"360",25476,"SAFL_02_030","SAFL_02","SAFL_02_030.09",9,0.604,129.2,559.9,689.1,0.824,107.7,581.4,689.1,0.76,107.7,581.4,689.1,0.61,107.7,602.9,710.6,0.476,107.7,602.9,710.6,0.372,172.3,602.9,775.2,0.767626886145405,2.798,3.645,77,9.714,7.036
"361",25553,"SAFL_02_030","SAFL_02","SAFL_02_030.10",10,0.696,129.2,559.9,689.1,0.755,172.3,581.4,753.7,0.776,150.7,602.9,753.7,0.499,172.3,602.9,775.2,0.435,150.7,602.9,753.7,0.308,150.7,624.5,775.2,0.769839028523016,2.726,3.541,77,9.706,7.099
"362",25630,"SAFL_02_030","SAFL_02","SAFL_02_030.11",11,0.888,150.7,559.9,710.6,1.009,129.2,581.4,710.6,0.743,172.3,602.9,775.2,0.662,150.7,602.9,753.7,0.372,150.7,602.9,753.7,0.337,236.9,602.9,839.8,0.854112778065183,3.302,3.866,77,10.095,6.925
"363",25707,"SAFL_02_030","SAFL_02","SAFL_02_030.12",12,0.798,193.8,559.9,753.7,0.966,150.7,581.4,732.1,0.737,107.7,602.9,710.6,0.563,107.7,602.9,710.6,0.43,129.2,602.9,732.1,0.371,129.2,602.9,732.1,0.829004329004329,3.064,3.696,82,11.26,6.711
"364",25789,"SAFL_02_030","SAFL_02","SAFL_02_030.13",13,0.837,150.7,538.3,689.1,1.023,129.2,581.4,710.6,0.745,150.7,581.4,732.1,0.592,129.2,581.4,710.6,0.406,172.3,602.9,775.2,0.348,193.8,602.9,796.7,0.842202318229716,3.197,3.796,95,12.86,7.204
"365",25883,"SAFL_02_030","SAFL_02","SAFL_02_030.14",14,0.586,107.7,559.9,667.5,0.838,107.7,581.4,689.1,0.766,129.2,581.4,710.6,0.633,129.2,581.4,710.6,0.482,107.7,602.9,710.6,0.348,107.7,602.9,710.6,0.762149028077754,2.823,3.704,81,11.34,6.798
"366",25964,"SAFL_02_030","SAFL_02","SAFL_02_030.15",15,0.872,150.7,559.9,710.6,0.979,129.2,581.4,710.6,0.743,150.7,581.4,732.1,0.58,107.7,602.9,710.6,0.465,129.2,602.9,732.1,0.337,193.8,602.9,796.7,0.849571734475375,3.174,3.736,79,11.216,6.879
"367",26043,"SAFL_02_030","SAFL_02","SAFL_02_030.16",16,0.912,150.7,559.9,710.6,0.772,172.3,581.4,753.7,0.685,150.7,581.4,732.1,0.581,150.7,581.4,732.1,0.348,150.7,581.4,732.1,0.313,150.7,581.4,732.1,0.790249129386552,2.95,3.733,88,12.87,6.101
"368",26131,"SAFL_02_030","SAFL_02","SAFL_02_030.17",17,0.739,193.8,559.9,753.7,0.743,129.2,581.4,710.6,0.76,129.2,581.4,710.6,0.627,129.2,581.4,710.6,0.401,150.7,581.4,732.1,0.267,150.7,602.9,753.7,0.741726990692865,2.869,3.868,78,11.465,5.898
"369",26209,"SAFL_02_030","SAFL_02","SAFL_02_030.18",18,0.702,129.2,559.9,689.1,0.999,107.7,581.4,689.1,0.903,107.7,581.4,689.1,0.482,107.7,581.4,689.1,0.433,86.1,602.9,689.1,0.302,129.2,602.9,732.1,0.854847645429363,3.086,3.61,58,7.808,7.047
"370",26267,"SAFL_05_037","SAFL_05","SAFL_05_037.01",1,1.267,236.9,624.5,861.3,0.778,258.4,602.9,861.3,0.708,258.4,624.5,882.9,0.528,258.4,624.5,882.9,0.493,236.9,624.5,861.3,0.412,279.9,646,925.9,0.835923566878981,3.281,3.925,100,10.954,6.467
"371",26367,"SAFL_05_037","SAFL_05","SAFL_05_037.02",2,0.975,150.7,646,796.7,0.662,258.4,602.9,861.3,0.845,215.3,624.5,839.8,0.711,258.4,624.5,882.9,0.518,279.9,646,925.9,0.281,236.9,646,882.9,0.82720207253886,3.193,3.86,93,10.76,5.41
"372",26460,"SAFL_05_037","SAFL_05","SAFL_05_037.03",3,0.865,107.7,646,753.7,0.725,193.8,624.5,818.3,0.621,279.9,624.5,904.4,0.538,279.9,624.5,904.4,0.383,323,646,969,0.411,387.6,646,1033.6,0.712545360290306,2.749,3.858,87,10.078,5.486
"373",26547,"SAFL_05_037","SAFL_05","SAFL_05_037.04",4,0.842,172.3,646,818.3,0.865,193.8,602.9,796.7,0.697,236.9,602.9,839.8,0.563,258.4,624.5,882.9,0.459,301.5,624.5,925.9,0.319,301.5,646,947.5,0.769849507005708,2.967,3.854,92,10.28,5.834
"374",26639,"SAFL_05_037","SAFL_05","SAFL_05_037.05",5,0.906,107.7,624.5,732.1,0.836,236.9,602.9,839.8,0.685,344.5,602.9,947.5,0.546,344.5,624.5,969,0.453,409.1,624.5,1033.6,0.366,430.7,646,1076.7,0.777254901960784,2.973,3.825,77,9.706,5.445
"375",26710,"SAFL_05_037","SAFL_05","SAFL_05_037.06",6,0.894,150.7,646,796.7,0.925,301.5,602.9,904.4,0.697,301.5,624.5,925.9,0.569,323,624.5,947.5,0.435,366.1,646,1012.1,0.337,430.7,646,1076.7,0.77923718110634,3.085,3.959,80,9.447,5.561
"376",26790,"SAFL_05_037","SAFL_05","SAFL_05_037.07",7,0.958,129.2,646,775.2,1.117,258.4,602.9,861.3,0.961,236.9,624.5,861.3,0.511,279.9,624.5,904.4,0.412,258.4,646,904.4,0.366,301.5,646,947.5,0.895933316494064,3.547,3.959,82,9.672,6.049
"377",26872,"SAFL_05_037","SAFL_05","SAFL_05_037.08",8,0.929,258.4,624.5,882.9,0.848,279.9,602.9,882.9,0.697,301.5,602.9,904.4,0.557,344.5,624.5,969,0.406,344.5,646,990.5,0.342,344.5,667.5,1012.1,0.774795501022495,3.031,3.912,84,9.456,5.77
"378",26956,"SAFL_05_037","SAFL_05","SAFL_05_037.09",9,0.784,150.7,646,796.7,0.911,193.8,602.9,796.7,0.697,215.3,602.9,818.3,0.528,279.9,624.5,904.4,0.383,344.5,646,990.5,0.29,279.9,646,925.9,0.739614994934144,2.92,3.948,83,9.886,5.602
"379",27039,"SAFL_05_037","SAFL_05","SAFL_05_037.10",10,1.016,150.7,624.5,775.2,0.859,172.3,602.9,775.2,0.673,172.3,602.9,775.2,0.511,150.7,624.5,775.2,0.424,172.3,646,818.3,0.313,215.3,646,861.3,0.784157908228659,3.059,3.901,92,10.613,5.428
"380",27131,"SAFL_05_037","SAFL_05","SAFL_05_037.11",11,0.923,150.7,624.5,775.2,0.894,236.9,602.9,839.8,0.726,258.4,602.9,861.3,0.604,236.9,624.5,861.3,0.447,323,624.5,947.5,0.348,323,646,969,0.770002446782481,3.147,4.087,81,8.905,6.258
"381",27212,"SAFL_05_037","SAFL_05","SAFL_05_037.12",12,0.969,107.7,624.5,732.1,0.865,215.3,581.4,796.7,0.697,236.9,602.9,839.8,0.557,323,602.9,925.9,0.43,366.1,624.5,990.5,0.36,387.6,624.5,1012.1,0.782168186423506,3.088,3.948,81,9.12,5.938
"382",27293,"SAFL_05_037","SAFL_05","SAFL_05_037.13",13,0.975,150.7,624.5,775.2,0.888,193.8,602.9,796.7,0.697,236.9,602.9,839.8,0.557,279.9,624.5,904.4,0.418,344.5,624.5,969,0.331,344.5,646,990.5,0.769249753208292,3.117,4.052,84,9.167,6.031
"383",27377,"SAFL_05_037","SAFL_05","SAFL_05_037.14",14,1.066,301.5,624.5,925.9,0.848,323,602.9,925.9,0.668,366.1,602.9,969,0.505,387.6,624.5,1012.1,0.401,387.6,646,1033.6,0.302,409.1,667.5,1076.7,0.770594108836745,3.087,4.006,82,9.62,5.596
"384",27459,"SAFL_05_037","SAFL_05","SAFL_05_037.15",15,0.952,215.3,624.5,839.8,0.819,301.5,602.9,904.4,0.731,344.5,602.9,947.5,0.522,344.5,624.5,969,0.511,344.5,646,990.5,0.393,366.1,646,1012.1,0.78099173553719,3.024,3.872,87,9.841,5.869
"385",27546,"SAFL_05_037","SAFL_05","SAFL_05_037.16",16,0.848,236.9,624.5,861.3,0.918,258.4,602.9,861.3,0.708,279.9,602.9,882.9,0.58,323,624.5,947.5,0.435,344.5,624.5,969,0.354,344.5,646,990.5,0.760268857356236,3.054,4.017,94,10.664,6.13
"386",27640,"SAFL_05_037","SAFL_05","SAFL_05_037.17",17,0.993,150.7,624.5,775.2,0.905,215.3,602.9,818.3,0.731,258.4,624.5,882.9,0.598,236.9,624.5,861.3,0.459,279.9,624.5,904.4,0.359,323,646,969,0.787457296242069,3.227,4.098,92,10.208,6.316
"387",27732,"SAFL_05_037","SAFL_05","SAFL_05_037.18",18,0.929,193.8,624.5,818.3,0.998,236.9,602.9,839.8,0.824,258.4,602.9,861.3,0.65,279.9,602.9,882.9,0.464,301.5,624.5,925.9,0.377,323,646,969,0.806880189798339,3.401,4.215,85,9.693,6.426
"388",27817,"SAFL_05_037","SAFL_05","SAFL_05_037.19",19,0.865,129.2,624.5,753.7,0.9,150.7,602.9,753.7,0.691,258.4,602.9,861.3,0.551,301.5,602.9,904.4,0.418,366.1,624.5,990.5,0.357,366.1,646,1012.1,0.763004313625983,3.007,3.941,89,10.466,5.735
"389",27906,"SAFL_05_037","SAFL_05","SAFL_05_037.20",20,0.819,172.3,624.5,796.7,0.964,193.8,602.9,796.7,0.784,236.9,602.9,839.8,0.627,193.8,624.5,818.3,0.511,258.4,624.5,882.9,0.389,323,624.5,947.5,0.781502324443357,3.194,4.087,88,9.447,6.67
"390",27991,"SAFL_05_037","SAFL_05","SAFL_05_037.21",21,0.853,107.7,624.5,732.1,0.987,150.7,602.9,753.7,0.836,150.7,602.9,753.7,0.58,150.7,624.5,775.2,0.424,172.3,624.5,796.7,0.342,193.8,646,839.8,0.785524728588661,3.256,4.145,89,10.584,5.921
"391",28080,"SAFL_05_037","SAFL_05","SAFL_05_037.22",22,0.998,129.2,602.9,732.1,0.929,150.7,602.9,753.7,0.76,172.3,602.9,775.2,0.557,193.8,602.9,796.7,0.453,279.9,624.5,904.4,0.325,344.5,624.5,969,0.791412539643816,3.244,4.099,86,9.653,6.304
"392",28166,"SAFL_05_037","SAFL_05","SAFL_05_037.23",23,0.737,129.2,624.5,753.7,1.084,172.3,602.9,775.2,0.731,172.3,624.5,796.7,0.557,193.8,624.5,818.3,0.435,258.4,624.5,882.9,0.401,323,646,969,0.752238083716429,3.109,4.133,91,10.577,6.339
"393",28257,"SAFL_05_037","SAFL_05","SAFL_05_037.24",24,0.801,150.7,624.5,775.2,1.004,129.2,602.9,732.1,0.819,172.3,602.9,775.2,0.621,172.3,602.9,775.2,0.534,236.9,624.5,861.3,0.342,279.9,624.5,904.4,0.773171312842507,3.245,4.197,85,9.722,6.438
"394",28342,"SAFL_05_037","SAFL_05","SAFL_05_037.25",25,0.923,193.8,624.5,818.3,0.929,215.3,624.5,839.8,0.708,236.9,624.5,861.3,0.575,236.9,624.5,861.3,0.441,236.9,646,882.9,0.342,258.4,646,904.4,0.780433159073936,3.135,4.017,82,9.167,6.124
"395",28424,"SAFL_06_024","SAFL_06","SAFL_06_024.01",1,0.866,150.7,581.4,732.1,0.784,129.2,602.9,732.1,0.714,150.7,602.9,753.7,0.691,150.7,602.9,753.7,0.551,215.3,602.9,818.3,0.511,430.7,602.9,1033.6,0.812068048910154,3.055,3.762,99,11.975,9.921
"396",28520,"SAFL_06_024","SAFL_06","SAFL_06_024.02",2,0.668,150.7,581.4,732.1,0.778,150.7,581.4,732.1,0.627,150.7,602.9,753.7,0.61,129.2,602.9,732.1,0.551,150.7,602.9,753.7,0.441,150.7,602.9,753.7,0.768988248781886,2.683,3.489,84,9.355,9.967
"397",28604,"SAFL_06_024","SAFL_06","SAFL_06_024.03",3,0.621,129.2,581.4,710.6,0.731,150.7,581.4,732.1,0.656,129.2,602.9,732.1,0.551,129.2,602.9,732.1,0.435,172.3,602.9,775.2,0.435,150.7,602.9,753.7,0.76002376002376,2.559,3.367,92,12.589,7.97
"398",28696,"SAFL_06_024","SAFL_06","SAFL_06_024.04",4,0.592,150.7,581.4,732.1,0.72,150.7,581.4,732.1,0.697,150.7,602.9,753.7,0.575,172.3,602.9,775.2,0.441,150.7,602.9,753.7,0.337,172.3,602.9,775.2,0.768818803927402,2.584,3.361,95,12.936,7.848
"399",28791,"SAFL_06_024","SAFL_06","SAFL_06_024.06",6,0.61,215.3,559.9,775.2,0.966,150.7,581.4,732.1,0.737,150.7,602.9,753.7,0.61,150.7,602.9,753.7,0.464,150.7,602.9,753.7,0.401,172.3,602.9,775.2,0.81625244345155,2.923,3.581,98,13.933,7.605
"400",28889,"SAFL_06_024","SAFL_06","SAFL_06_024.07",7,0.651,150.7,581.4,732.1,0.807,150.7,581.4,732.1,0.708,129.2,602.9,732.1,0.639,107.7,602.9,710.6,0.476,107.7,602.9,710.6,0.354,107.7,602.9,710.6,0.780467445742905,2.805,3.594,124,15.041,10.612
"401",29013,"SAFL_06_024","SAFL_06","SAFL_06_024.08",8,0.644,172.3,559.9,732.1,0.801,129.2,581.4,710.6,0.778,129.2,602.9,732.1,0.702,150.7,602.9,753.7,0.604,150.7,602.9,753.7,0.505,129.2,602.9,732.1,0.790968090859924,2.925,3.698,109,15.59,7.895
"423",30597,"SAFMAT_0A_067","SAFMAT_0A","SAFMAT_0A_067.01",1,0.95,172.3,581.4,753.7,0.638,193.8,646,839.8,0.592,193.8,646,839.8,0.452,258.4,646,904.4,0.308,258.4,667.5,925.9,0.22,258.4,689.1,947.5,0.784968684759916,2.632,3.353,68,8.189,4.093
"424",30665,"SAFMAT_0A_067","SAFMAT_0A","SAFMAT_0A_067.02",2,0.778,172.3,602.9,775.2,0.801,215.3,624.5,839.8,0.534,236.9,646,882.9,0.406,236.9,667.5,904.4,0.284,279.9,689.1,969,0.238,344.5,710.6,1055.1,0.756002400960384,2.519,3.332,70,8.18,4.307
"425",30735,"SAFMAT_0A_067","SAFMAT_0A","SAFMAT_0A_067.03",3,0.935,172.3,602.9,775.2,0.853,172.3,646,818.3,0.586,193.8,667.5,861.3,0.441,279.9,667.5,947.5,0.337,301.5,689.1,990.5,0.244,344.5,710.6,1055.1,0.800170551449687,2.815,3.518,72,8.701,4.447
"426",30807,"SAFMAT_0A_067","SAFMAT_0A","SAFMAT_0A_067.04",4,0.929,150.7,602.9,753.7,0.975,172.3,646,818.3,0.522,215.3,646,861.3,0.424,258.4,667.5,925.9,0.279,236.9,689.1,925.9,0.25,279.9,710.6,990.5,0.814285714285714,2.85,3.5,77,9.154,4.348
"427",30884,"SAFMAT_0A_067","SAFMAT_0A","SAFMAT_0A_067.05",5,0.917,129.2,602.9,732.1,0.882,172.3,646,818.3,0.58,172.3,667.5,839.8,0.464,215.3,667.5,882.9,0.308,215.3,689.1,904.4,0.273,258.4,689.1,947.5,0.793912314995811,2.843,3.581,83,9.847,4.383
"428",30967,"SAFMAT_0A_067","SAFMAT_0A","SAFMAT_0A_067.06",6,1.163,150.7,602.9,753.7,0.83,215.3,646,861.3,0.613,236.9,667.5,904.4,0.456,279.9,689.1,969,0.409,301.5,710.6,1012.1,0.186,344.5,710.6,1055.1,0.854591124755791,3.062,3.583,74,9.447,3.881
"429",31041,"SAFMAT_0A_067","SAFMAT_0A","SAFMAT_0A_067.07",7,1.026,150.7,624.5,775.2,0.755,193.8,646,839.8,0.505,215.3,667.5,882.9,0.435,258.4,689.1,947.5,0.319,366.1,689.1,1055.1,0.226,366.1,689.1,1055.1,0.769078575466365,2.721,3.538,71,8.536,4.331
"430",31112,"SAFMAT_0A_067","SAFMAT_0A","SAFMAT_0A_067.08",8,0.981,107.7,624.5,732.1,0.859,150.7,646,796.7,0.563,193.8,667.5,861.3,0.459,236.9,667.5,904.4,0.279,258.4,689.1,947.5,0.215,366.1,710.6,1076.7,0.786263736263736,2.862,3.64,75,9.004,4.51
"431",31187,"SAFMAT_0A_067","SAFMAT_0A","SAFMAT_0A_067.09",9,1.075,150.7,624.5,775.2,0.912,215.3,646,861.3,0.631,236.9,667.5,904.4,0.459,279.9,667.5,947.5,0.342,279.9,689.1,969,0.25,301.5,710.6,1012.1,0.826040268456376,3.077,3.725,75,8.714,4.911
"432",31262,"SAFMAT_0A_067","SAFMAT_0A","SAFMAT_0A_067.10",10,1.039,129.2,624.5,753.7,0.784,150.7,646,796.7,0.557,236.9,667.5,904.4,0.418,258.4,689.1,947.5,0.308,279.9,710.6,990.5,0.232,301.5,710.6,1012.1,0.800572246065808,2.798,3.495,79,9.253,4.377
"433",31341,"SAFMAT_0A_067","SAFMAT_0A","SAFMAT_0A_067.11",11,1.053,172.3,602.9,775.2,1.036,236.9,646,882.9,0.505,258.4,667.5,925.9,0.383,279.9,689.1,969,0.238,323,689.1,1012.1,0.18,366.1,710.6,1076.7,0.813610276031703,2.977,3.659,76,9.684,4.052
"434",31417,"SAFMAT_0A_067","SAFMAT_0A","SAFMAT_0A_067.12",12,1.171,172.3,602.9,775.2,0.807,172.3,646,818.3,0.569,236.9,667.5,904.4,0.441,279.9,689.1,969,0.308,323,689.1,1012.1,0.221,366.1,710.6,1076.7,0.824048538334253,2.988,3.626,68,8.216,4.406
"435",31485,"SAFMAT_0B_036","SAFMAT_0B","SAFMAT_0B_036.01",1,1.063,236.9,646,882.9,0.887,258.4,624.5,882.9,0.522,301.5,646,947.5,0.32,279.9,667.5,947.5,0.267,279.9,689.1,969,0.151,279.9,710.6,990.5,0.78936952219395,2.792,3.537,42,5.004,3.86
"436",31527,"SAFMAT_0B_036","SAFMAT_0B","SAFMAT_0B_036.02",2,0.946,172.3,667.5,839.8,0.726,215.3,646,861.3,0.424,236.9,667.5,904.4,0.226,215.3,710.6,925.9,0.134,236.9,732.1,969,0.111,301.5,732.1,1033.6,0.722014925373134,2.322,3.216,58,6.377,3.286
"437",31585,"SAFMAT_0B_036","SAFMAT_0B","SAFMAT_0B_036.03",3,1.027,150.7,667.5,818.3,0.778,150.7,646,796.7,0.43,215.3,667.5,882.9,0.232,236.9,710.6,947.5,0.145,258.4,732.1,990.5,0.099,279.9,732.1,1012.1,0.754895960832313,2.467,3.268,60,6.487,3.315
"438",31645,"SAFMAT_0B_036","SAFMAT_0B","SAFMAT_0B_036.04",4,0.877,129.2,667.5,796.7,0.859,107.7,646,753.7,0.482,129.2,667.5,796.7,0.273,258.4,689.1,947.5,0.151,279.9,710.6,990.5,0.104,301.5,710.6,1012.1,0.73982773982774,2.491,3.367,62,6.92,3.274
"439",31707,"SAFMAT_0C_003","SAFMAT_0C","SAFMAT_0C_003.01",1,0.347,93.8,609.4,703.1,0.624,93.8,585.9,679.7,0.592,93.8,585.9,679.7,0.507,117.2,585.9,703.1,0.432,187.5,609.4,796.9,0.288,328.1,609.4,937.5,0.699324324324324,2.07,2.96,91,10.125,4.416
"440",31798,"SAFMAT_0C_003","SAFMAT_0C","SAFMAT_0C_003.02",2,0.408,164.1,609.4,773.4,0.62,117.2,585.9,703.1,0.887,117.2,585.9,703.1,0.648,140.6,585.9,726.6,0.445,117.2,609.4,726.6,0.363,164.1,609.4,773.4,0.887772774506408,2.563,2.887,68,7.918,4.325
"441",31866,"SAFMAT_0C_003","SAFMAT_0C","SAFMAT_0C_003.03",3,0.644,93.8,585.9,679.7,0.796,117.2,585.9,703.1,0.68,117.2,585.9,703.1,0.556,281.2,609.4,890.6,0.417,281.2,609.4,890.6,0.155,304.7,632.8,937.5,0.847371754274858,2.676,3.158,69,8.495,3.411
"442",31935,"SAFMAT_0E_039","SAFMAT_0E","SAFMAT_0E_039.02",2,0.733,236.9,667.5,904.4,0.993,193.8,689.1,882.9,0.639,236.9,689.1,925.9,0.441,258.4,710.6,969,0.267,258.4,732.1,990.5,0.209,301.5,732.1,1033.6,0.7625,2.806,3.68,66,8.266,4.47
"443",32001,"SAFMAT_0E_039","SAFMAT_0E","SAFMAT_0E_039.03",3,0.528,193.8,689.1,882.9,0.772,193.8,667.5,861.3,0.862,215.3,689.1,904.4,0.488,215.3,710.6,925.9,0.331,236.9,710.6,947.5,0.226,258.4,732.1,990.5,0.745848578665916,2.65,3.553,68,8.505,4.499
"444",32069,"SAFMAT_0E_039","SAFMAT_0E","SAFMAT_0E_039.04",4,0.522,172.3,689.1,861.3,0.749,150.7,689.1,839.8,0.743,150.7,689.1,839.8,0.499,215.3,710.6,925.9,0.342,236.9,732.1,969,0.238,301.5,732.1,1033.6,0.727562246670527,2.513,3.454,71,8.847,4.429
"445",32140,"SAFMAT_0E_039","SAFMAT_0E","SAFMAT_0E_039.05",5,0.557,215.3,689.1,904.4,0.737,215.3,689.1,904.4,0.702,215.3,710.6,925.9,0.493,279.9,732.1,1012.1,0.331,279.9,753.7,1033.6,0.232,301.5,753.7,1055.1,0.711142857142857,2.489,3.5,62,7.787,4.528
"446",32202,"SAFMAT_0E_039","SAFMAT_0E","SAFMAT_0E_039.06",6,0.534,193.8,667.5,861.3,0.795,172.3,689.1,861.3,0.714,236.9,689.1,925.9,0.459,301.5,710.6,1012.1,0.308,258.4,753.7,1012.1,0.186,323,753.7,1076.7,0.725638051044084,2.502,3.448,73,9.511,3.93
"447",32275,"SAFMAT_0E_039","SAFMAT_0E","SAFMAT_0E_039.07",7,0.546,150.7,689.1,839.8,0.749,107.7,689.1,796.7,0.662,193.8,689.1,882.9,0.482,258.4,710.6,969,0.319,258.4,732.1,990.5,0.221,279.9,732.1,1012.1,0.704913294797688,2.439,3.46,61,7.686,4.441
"448",32336,"SAFMAT_0E_039","SAFMAT_0E","SAFMAT_0E_039.08",8,0.644,129.2,689.1,818.3,0.795,129.2,689.1,818.3,0.61,215.3,710.6,925.9,0.406,279.9,710.6,990.5,0.255,301.5,732.1,1033.6,0.18,301.5,753.7,1055.1,0.725472813238771,2.455,3.384,72,9.456,3.675
"449",32408,"SAFMAT_0E_039","SAFMAT_0E","SAFMAT_0E_039.09",9,0.569,107.7,689.1,796.7,0.795,107.7,689.1,796.7,0.72,129.2,689.1,818.3,0.482,236.9,710.6,947.5,0.348,258.4,710.6,969,0.25,301.5,732.1,1033.6,0.727118163785775,2.566,3.529,67,8.527,4.51
"450",32475,"SAFMAT_0E_039","SAFMAT_0E","SAFMAT_0E_039.10",10,0.528,172.3,689.1,861.3,0.819,129.2,689.1,818.3,0.749,193.8,689.1,882.9,0.488,236.9,710.6,947.5,0.319,258.4,710.6,969,0.255,279.9,732.1,1012.1,0.7322187588552,2.584,3.529,61,7.733,4.47
"451",32536,"SAFMAT_0E_039","SAFMAT_0E","SAFMAT_0E_039.11",11,0.459,107.7,689.1,796.7,0.766,107.7,689.1,796.7,0.873,150.7,689.1,839.8,0.482,193.8,710.6,904.4,0.377,193.8,732.1,925.9,0.261,236.9,732.1,969,0.769001490312966,2.58,3.355,80,10.152,4.331
"452",32616,"SAFMAT_0E_039","SAFMAT_0E","SAFMAT_0E_039.12",12,0.511,236.9,689.1,925.9,0.755,193.8,689.1,882.9,0.714,172.3,710.6,882.9,0.435,236.9,710.6,947.5,0.296,258.4,732.1,990.5,0.25,301.5,732.1,1033.6,0.714920071047957,2.415,3.378,70,8.858,4.371
"453",32686,"SAFMAT_0E_039","SAFMAT_0E","SAFMAT_0E_039.13",13,0.412,193.8,689.1,882.9,0.888,193.8,689.1,882.9,0.702,193.8,710.6,904.4,0.441,215.3,732.1,947.5,0.342,236.9,732.1,969,0.354,258.4,732.1,990.5,0.728166915052161,2.443,3.355,68,8.777,4.261
"454",32754,"SAFMAT_0E_039","SAFMAT_0E","SAFMAT_0E_039.14",14,0.615,215.3,689.1,904.4,0.772,107.7,689.1,796.7,0.639,172.3,710.6,882.9,0.424,215.3,710.6,925.9,0.279,236.9,732.1,969,0.197,258.4,753.7,1012.1,0.731561660197074,2.45,3.349,59,7.806,3.837
"455",32813,"SAFMAT_0E_039","SAFMAT_0E","SAFMAT_0E_039.15",15,0.499,193.8,689.1,882.9,0.726,172.3,689.1,861.3,0.691,172.3,710.6,882.9,0.535,215.3,710.6,925.9,0.366,258.4,732.1,990.5,0.232,258.4,753.7,1012.1,0.709612044006949,2.451,3.454,70,8.713,4.464
"456",32883,"VJRN_01_045","VJRN_01","VJRN_01_045.01",1,0.534,150.7,624.5,775.2,0.604,107.7,646,753.7,0.575,107.7,646,753.7,0.476,107.7,667.5,775.2,0.354,107.7,689.1,796.7,0.261,193.8,689.1,882.9,0.803892765332354,2.189,2.723,71,8.475,3.576
"457",32954,"VJRN_01_045","VJRN_01","VJRN_01_045.02",2,0.493,215.3,624.5,839.8,0.505,193.8,646,839.8,0.488,172.3,646,818.3,0.418,215.3,667.5,882.9,0.308,172.3,689.1,861.3,0.203,215.3,710.6,925.9,0.740279937791602,1.904,2.572,82,9.347,3.297
"458",33036,"VJRN_01_045","VJRN_01","VJRN_01_045.03",3,0.51,236.9,624.5,861.3,0.592,193.8,624.5,818.3,0.574,215.3,624.5,839.8,0.511,215.3,646,861.3,0.366,258.4,689.1,947.5,0.255,279.9,710.6,990.5,0.780235462004995,2.187,2.803,68,7.126,4.058
"459",33102,"VJRN_02_060","VJRN_02","VJRN_02_060.01",1,1.352,193.8,581.4,775.2,1.175,172.3,602.9,775.2,0.705,193.8,624.5,818.3,0.419,215.3,646,861.3,0.209,236.9,667.5,904.4,0.169,279.9,667.5,947.5,0.912065950537097,3.651,4.003,95,10.495,4.249
"460",33197,"VJRN_02_060","VJRN_02","VJRN_02_060.07",7,1.188,107.7,581.4,689.1,0.946,107.7,602.9,710.6,0.708,215.3,624.5,839.8,0.447,301.5,646,947.5,0.267,323,667.5,990.5,0.186,344.5,667.5,1012.1,0.817549092716878,3.289,4.023,73,8.325,4.249
"461",33270,"VJRN_02_060","VJRN_02","VJRN_02_060.20",20,0.969,86.1,581.4,667.5,1.355,107.7,581.4,689.1,0.72,107.7,602.9,710.6,0.447,279.9,624.5,904.4,0.302,366.1,646,1012.1,0.221,430.7,667.5,1098.2,0.878018108651911,3.491,3.976,79,8.719,4.847
"462",33349,"VJRN_02_060","VJRN_02","VJRN_02_060.22",22,1.17,172.3,581.4,753.7,0.923,150.7,602.9,753.7,0.615,236.9,602.9,839.8,0.522,344.5,646,990.5,0.261,344.5,667.5,1012.1,0.18,366.1,667.5,1033.6,0.833763551884357,3.23,3.874,78,8.662,4.127
"463",33427,"VJRN_02_060","VJRN_02","VJRN_02_060.25",25,1.223,150.7,559.9,710.6,1.016,129.2,602.9,732.1,0.84,301.5,624.5,925.9,0.486,279.9,646,925.9,0.49,387.6,646,1033.6,0.29,409.1,667.5,1076.7,0.93766438716465,3.565,3.802,80,8.526,4.377
"464",33507,"VJRN_02_060","VJRN_02","VJRN_02_060.27",27,1.116,86.1,581.4,667.5,0.955,86.1,602.9,689.1,0.633,150.7,602.9,753.7,0.412,215.3,624.5,839.8,0.302,323,646,969,0.215,366.1,646,1012.1,0.798564838544336,3.116,3.902,76,8.194,4.644
"465",33583,"VJRN_03_061","VJRN_03","VJRN_03_061.01",1,1.132,150.7,624.5,775.2,0.888,215.3,646,861.3,0.58,301.5,667.5,969,0.459,323,689.1,1012.1,0.342,366.1,710.6,1076.7,0.25,344.5,732.1,1076.7,0.771695257315843,3.059,3.964,48,5.439,4.754
"466",33631,"VJRN_03_061","VJRN_03","VJRN_03_061.02",2,1.027,129.2,646,775.2,0.911,193.8,646,839.8,0.586,193.8,667.5,861.3,0.493,279.9,667.5,947.5,0.337,323,710.6,1033.6,0.238,323,732.1,1055.1,0.759758247292873,3.017,3.971,53,5.864,4.801
"467",33684,"VJRN_03_061","VJRN_03","VJRN_03_061.03",3,1.033,150.7,624.5,775.2,0.859,172.3,646,818.3,0.563,172.3,646,818.3,0.383,172.3,667.5,839.8,0.354,279.9,689.1,969,0.197,344.5,710.6,1055.1,0.753184713375796,2.838,3.768,56,7.384,4.191
"468",33740,"VJRN_03_061","VJRN_03","VJRN_03_061.04",4,1.23,172.3,624.5,796.7,0.859,215.3,646,861.3,0.61,193.8,667.5,861.3,0.354,172.3,689.1,861.3,0.331,323,710.6,1033.6,0.232,473.7,732.1,1205.9,0.791547835105004,3.053,3.857,52,5.978,4.627
"469",33792,"VJRN_03_061","VJRN_03","VJRN_03_061.05",5,1.084,193.8,646,839.8,0.917,258.4,646,904.4,0.667,279.9,667.5,947.5,0.476,323,689.1,1012.1,0.302,387.6,710.6,1098.2,0.215,366.1,732.1,1098.2,0.772861356932154,3.144,4.068,50,5.758,4.911
"470",33842,"VJRN_04_062","VJRN_04","VJRN_04_062.01",1,0.487,86.1,538.3,624.5,0.962,215.3,538.3,753.7,0.887,193.8,581.4,775.2,0.825,193.8,602.9,796.7,0.505,193.8,624.5,818.3,0.383,236.9,624.5,861.3,0.906509893891597,3.161,3.487,52,4.833,6.055
"471",33894,"VJRN_04_062","VJRN_04","VJRN_04_062.02",2,0.301,107.7,559.9,667.5,0.834,172.3,581.4,753.7,0.97,172.3,581.4,753.7,0.749,172.3,602.9,775.2,0.738,279.9,624.5,904.4,0.337,323,646,969,0.851178049507903,2.854,3.353,61,5.645,5.544
"472",33955,"VJRN_04_062","VJRN_04","VJRN_04_062.03",3,0.27,107.7,581.4,689.1,0.598,172.3,581.4,753.7,0.842,172.3,602.9,775.2,0.812,172.3,602.9,775.2,0.698,258.4,624.5,882.9,0.399,258.4,646,904.4,0.747259259259259,2.522,3.375,54,5.125,5.602
"473",34009,"VJRN_04_062","VJRN_04","VJRN_04_062.04",4,0.475,150.7,559.9,710.6,0.841,236.9,581.4,818.3,1.048,215.3,602.9,818.3,0.816,279.9,602.9,882.9,0.67,344.5,646,990.5,0.435,409.1,667.5,1076.7,0.909350872176151,3.18,3.497,54,5.467,5.056
"474",34063,"VJRN_04_062","VJRN_04","VJRN_04_062.05",5,0.258,129.2,602.9,732.1,0.777,193.8,581.4,775.2,0.836,172.3,581.4,753.7,0.795,172.3,581.4,753.7,0.586,215.3,602.9,818.3,0.464,301.5,624.5,925.9,0.820812807881773,2.666,3.248,59,5.263,6.031
"475",34122,"VJRN_04_062","VJRN_04","VJRN_04_062.06",6,0.294,172.3,581.4,753.7,0.368,150.7,581.4,732.1,0.799,258.4,602.9,861.3,0.991,279.9,602.9,882.9,0.74,258.4,624.5,882.9,0.539,279.9,646,925.9,0.815973377703827,2.452,3.005,58,5.68,6.101
"476",34180,"VJRN_04_062","VJRN_04","VJRN_04_062.07",7,0.336,150.7,559.9,710.6,0.795,150.7,581.4,732.1,0.906,150.7,581.4,732.1,0.737,215.3,581.4,796.7,0.522,215.3,624.5,839.8,0.389,193.8,667.5,861.3,0.784724186704385,2.774,3.535,65,5.655,6.235
"477",34245,"VJRN_04_062","VJRN_04","VJRN_04_062.08",8,0.273,86.1,581.4,667.5,0.827,150.7,581.4,732.1,0.935,150.7,602.9,753.7,0.769,172.3,602.9,775.2,0.54,236.9,624.5,861.3,0.424,279.9,646,925.9,0.803899082568807,2.804,3.488,54,5.82,5.909
"478",34299,"VJRN_04_062","VJRN_04","VJRN_04_062.09",9,0.232,129.2,581.4,710.6,0.801,193.8,602.9,796.7,1.139,193.8,602.9,796.7,0.791,215.3,602.9,818.3,0.562,236.9,624.5,861.3,0.383,258.4,646,904.4,0.846329620108541,2.963,3.501,62,5.645,6.351
"479",34361,"VJRN_04_062","VJRN_04","VJRN_04_062.10",10,0.226,86.1,581.4,667.5,0.714,215.3,581.4,796.7,0.964,215.3,581.4,796.7,0.859,215.3,581.4,796.7,0.791,258.4,602.9,861.3,0.424,236.9,667.5,904.4,0.776559865092749,2.763,3.558,70,6.827,5.921
"480",34431,"VJRN_04_062","VJRN_04","VJRN_04_062.11",11,0.244,86.1,581.4,667.5,0.76,107.7,581.4,689.1,0.987,129.2,581.4,710.6,0.813,150.7,581.4,732.1,0.604,172.3,602.9,775.2,0.43,366.1,624.5,990.5,0.786535764375877,2.804,3.565,61,5.951,5.973
"490",35203,"VJRS_01_061","VJRS_01","VJRS_01_061.01",1,0.969,129.2,602.9,732.1,0.749,150.7,602.9,753.7,0.528,172.3,624.5,796.7,0.401,193.8,646,839.8,0.215,215.3,646,861.3,0.128,236.9,667.5,904.4,0.736505286588759,2.647,3.594,76,9.196,3.971
"491",35279,"VJRS_01_061","VJRS_01","VJRS_01_061.02",2,0.993,193.8,602.9,796.7,0.865,193.8,624.5,818.3,0.604,236.9,624.5,861.3,0.383,279.9,646,925.9,0.261,236.9,667.5,904.4,0.18,323,667.5,990.5,0.730423620025674,2.845,3.895,67,8.463,4.331
"492",35346,"VJRS_01_061","VJRS_01","VJRS_01_061.03",3,1.227,129.2,602.9,732.1,0.877,215.3,602.9,818.3,0.575,258.4,624.5,882.9,0.377,258.4,646,904.4,0.255,301.5,646,947.5,0.174,301.5,667.5,969,0.787223080886141,3.056,3.882,70,8.993,4.139
"493",35416,"VJRS_01_061","VJRS_01","VJRS_01_061.04",4,1.016,150.7,602.9,753.7,0.877,129.2,602.9,732.1,0.615,172.3,624.5,796.7,0.424,150.7,646,796.7,0.25,150.7,667.5,818.3,0.25,236.9,667.5,904.4,0.777100450569838,2.932,3.773,57,6.848,4.661
"494",35473,"VJRS_01_061","VJRS_01","VJRS_01_061.05",5,0.9,129.2,602.9,732.1,0.865,129.2,602.9,732.1,0.639,129.2,624.5,753.7,0.441,129.2,646,775.2,0.308,107.7,667.5,775.2,0.209,150.7,667.5,818.3,0.759679572763685,2.845,3.745,64,7.545,4.656
"495",35537,"VJRS_01_061","VJRS_01","VJRS_01_061.06",6,0.894,129.2,602.9,732.1,0.789,172.3,602.9,775.2,0.551,172.3,624.5,796.7,0.395,150.7,646,796.7,0.255,150.7,667.5,818.3,0.174,172.3,667.5,839.8,0.735384615384615,2.629,3.575,62,7.835,3.959
"496",35599,"VJRS_01_061","VJRS_01","VJRS_01_061.07",7,0.911,172.3,602.9,775.2,0.749,215.3,602.9,818.3,0.54,236.9,624.5,861.3,0.36,236.9,646,882.9,0.261,258.4,667.5,925.9,0.186,279.9,667.5,947.5,0.750073249340756,2.56,3.413,68,8.385,3.75
"497",35667,"VJRS_01_061","VJRS_01","VJRS_01_061.08",8,0.975,107.7,602.9,710.6,0.813,129.2,602.9,732.1,0.546,150.7,624.5,775.2,0.372,129.2,646,775.2,0.244,172.3,667.5,839.8,0.174,258.4,667.5,925.9,0.756711409395973,2.706,3.576,68,8.475,3.982
"498",35735,"VJRS_01_061","VJRS_01","VJRS_01_061.09",9,0.929,150.7,602.9,753.7,0.743,172.3,602.9,775.2,0.511,172.3,624.5,796.7,0.325,150.7,646,796.7,0.226,172.3,667.5,839.8,0.163,172.3,689.1,861.3,0.756561085972851,2.508,3.315,68,8.29,3.756
"499",35803,"VJRS_01_061","VJRS_01","VJRS_01_061.10",10,0.935,129.2,602.9,732.1,0.778,172.3,602.9,775.2,0.54,150.7,624.5,775.2,0.354,129.2,646,775.2,0.255,150.7,667.5,818.3,0.18,258.4,667.5,925.9,0.754777070063694,2.607,3.454,68,8.513,3.825
"500",35871,"VJRS_01_061","VJRS_01","VJRS_01_061.11",11,0.862,236.9,602.9,839.8,0.772,236.9,602.9,839.8,0.61,258.4,602.9,861.3,0.395,215.3,646,861.3,0.25,215.3,667.5,882.9,0.186,301.5,667.5,969,0.726797025612779,2.639,3.631,65,8.147,3.93
"501",35936,"VJRS_01_061","VJRS_01","VJRS_01_061.12",12,0.917,215.3,602.9,818.3,0.801,236.9,602.9,839.8,0.574,236.9,624.5,861.3,0.377,236.9,646,882.9,0.268,215.3,667.5,882.9,0.197,323,667.5,990.5,0.771387283236994,2.669,3.46,65,8.091,3.825
"502",36001,"VJRS_01_061","VJRS_01","VJRS_01_061.13",13,0.964,193.8,602.9,796.7,0.882,193.8,602.9,796.7,0.61,215.3,624.5,839.8,0.406,236.9,646,882.9,0.261,215.3,667.5,882.9,0.192,279.9,667.5,947.5,0.770390309555855,2.862,3.715,61,7.619,4.116
"503",36062,"VJRS_01_061","VJRS_01","VJRS_01_061.14",14,0.865,236.9,602.9,839.8,0.801,258.4,602.9,861.3,0.58,215.3,624.5,839.8,0.372,236.9,646,882.9,0.273,236.9,667.5,904.4,0.168,279.9,667.5,947.5,0.749284487693188,2.618,3.494,69,8.585,3.924
"504",36131,"VJRS_01_061","VJRS_01","VJRS_01_061.15",15,0.958,150.7,602.9,753.7,0.755,193.8,602.9,796.7,0.534,172.3,624.5,796.7,0.377,150.7,646,796.7,0.244,172.3,667.5,839.8,0.186,323,667.5,990.5,0.754456584243818,2.624,3.478,59,7.291,3.918
"505",36190,"VJRS_01_061","VJRS_01","VJRS_01_061.16",16,0.853,129.2,602.9,732.1,0.853,150.7,602.9,753.7,0.656,150.7,624.5,775.2,0.43,150.7,646,796.7,0.267,193.8,646,839.8,0.197,236.9,667.5,904.4,0.755002704164413,2.792,3.698,74,9.323,4.023
"511",36549,"VJRS_03_062","VJRS_03","VJRS_03_062.02",2,0.685,279.9,602.9,882.9,0.731,215.3,624.5,839.8,0.557,215.3,646,861.3,0.395,258.4,646,904.4,0.308,258.4,667.5,925.9,0.267,258.4,689.1,947.5,0.804347826086957,2.368,2.944,68,7.35,4.081
"512",36617,"VJRS_03_062","VJRS_03","VJRS_03_062.03",3,0.708,172.3,646,818.3,0.726,193.8,624.5,818.3,0.517,215.3,646,861.3,0.406,236.9,646,882.9,0.296,279.9,667.5,947.5,0.221,366.1,667.5,1033.6,0.780980781974818,2.357,3.018,63,6.576,3.704
"513",36675,"VJRS_03_062","VJRS_03","VJRS_03_062.04",4,0.795,193.8,624.5,818.3,0.633,193.8,624.5,818.3,0.593,258.4,646,904.4,0.308,236.9,646,882.9,0.244,236.9,667.5,904.4,0.192,344.5,667.5,1012.1,0.810368823938761,2.329,2.874,59,6.356,3.942
"514",36734,"VJRS_03_062","VJRS_03","VJRS_03_062.05",5,0.72,150.7,624.5,775.2,0.72,150.7,624.5,775.2,0.505,150.7,646,796.7,0.395,150.7,646,796.7,0.325,193.8,646,839.8,0.238,258.4,667.5,925.9,0.804676753782668,2.34,2.908,78,9.073,4.075
"515",36812,"VJRS_03_062","VJRS_03","VJRS_03_062.07",7,0.789,150.7,624.5,775.2,0.644,172.3,624.5,796.7,0.441,172.3,646,818.3,0.36,150.7,646,796.7,0.29,215.3,646,861.3,0.25,279.9,667.5,947.5,0.786896794646002,2.234,2.839,75,8.409,3.576
"516",36887,"VJRS_03_062","VJRS_03","VJRS_03_062.08",8,0.691,215.3,624.5,839.8,0.65,215.3,624.5,839.8,0.493,258.4,624.5,882.9,0.418,236.9,646,882.9,0.279,258.4,646,904.4,0.226,258.4,667.5,925.9,0.794917049064596,2.252,2.833,77,8.661,3.518
"517",36964,"VJRS_05_062","VJRS_05","VJRS_05_062.02",2,0.583,150.7,710.6,861.3,0.83,236.9,689.1,925.9,0.642,301.5,689.1,990.5,0.598,344.5,689.1,1033.6,0.296,430.7,710.6,1141.3,0.081,409.1,818.3,1227.4,0.778690930437335,2.653,3.407,58,6.402,4.168
"518",37022,"VJRS_05_062","VJRS_05","VJRS_05_062.03",3,0.714,86.1,689.1,775.2,0.679,107.7,689.1,796.7,0.528,172.3,689.1,861.3,0.412,258.4,689.1,947.5,0.326,473.7,710.6,1184.3,0.209,559.9,689.1,1248.9,0.707612981498332,2.333,3.297,58,6.404,4.058
"519",37080,"VJRS_05_062","VJRS_05","VJRS_05_062.04",4,0.519,193.8,710.6,904.4,0.711,215.3,689.1,904.4,0.698,215.3,689.1,904.4,0.492,279.9,689.1,969,0.365,366.1,710.6,1076.7,0.238,366.1,732.1,1098.2,0.760050251256281,2.42,3.184,57,6.332,4.377
"520",37137,"VJRS_05_062","VJRS_05","VJRS_05_062.06",6,0.743,193.8,689.1,882.9,0.673,150.7,667.5,818.3,0.615,172.3,667.5,839.8,0.47,193.8,689.1,882.9,0.377,258.4,710.6,969,0.295,409.1,732.1,1141.3,0.774783147459727,2.501,3.228,55,5.804,4.882
"521",37192,"VJRS_05_062","VJRS_05","VJRS_05_062.07",7,0.778,129.2,689.1,818.3,0.743,193.8,667.5,861.3,0.592,172.3,689.1,861.3,0.459,236.9,689.1,925.9,0.325,258.4,710.6,969,0.232,387.6,732.1,1119.7,0.793827160493827,2.572,3.24,58,6.673,3.994
"522",37250,"VJRS_05_062","VJRS_05","VJRS_05_062.08",8,0.592,129.2,732.1,861.3,0.731,172.3,667.5,839.8,0.701,193.8,667.5,861.3,0.488,215.3,689.1,904.4,0.36,193.8,710.6,904.4,0.244,366.1,753.7,1119.7,0.792429022082019,2.512,3.17,59,6.698,4.185
